underlying_ticker,trading_date,maturity_date,strike,option_type,option_contract,option_price,spot_price
SPXW,2026-01-05,2026-01-12,4600,PUT,SPXW260112P04600000,0.05,6902.05
SPXW,2026-01-05,2026-01-12,4800,PUT,SPXW260112P04800000,0.05,6902.05
SPXW,2026-01-09,2026-01-12,5800,PUT,SPXW260112P05800000,0.05,6966.28
SPXW,2026-01-08,2026-01-12,5825,PUT,SPXW260112P05825000,0.1,6921.46
SPXW,2026-01-09,2026-01-12,6050,PUT,SPXW260112P06050000,0.05,6966.28
SPXW,2026-01-09,2026-01-12,6075,PUT,SPXW260112P06075000,0.05,6966.28
SPXW,2026-01-05,2026-01-12,6175,CALL,SPXW260112C06175000,741.73,6902.05
SPXW,2026-01-09,2026-01-12,6250,PUT,SPXW260112P06250000,0.05,6966.28
SPXW,2026-01-02,2026-01-12,6350,CALL,SPXW260112C06350000,513.59,6858.47
SPXW,2026-01-09,2026-01-12,6390,PUT,SPXW260112P06390000,0.05,6966.28
SPXW,2026-01-09,2026-01-12,6400,PUT,SPXW260112P06400000,0.05,6966.28
SPXW,2026-01-09,2026-01-12,6450,PUT,SPXW260112P06450000,0.05,6966.28
SPXW,2026-01-09,2026-01-12,6505,PUT,SPXW260112P06505000,0.25,6966.28
SPXW,2026-01-09,2026-01-12,6510,PUT,SPXW260112P06510000,0.1,6966.28
SPXW,2026-01-09,2026-01-12,6555,PUT,SPXW260112P06555000,0.15,6966.28
SPXW,2026-01-09,2026-01-12,6560,PUT,SPXW260112P06560000,0.15,6966.28
SPXW,2026-01-09,2026-01-12,6585,PUT,SPXW260112P06585000,0.16,6966.28
SPXW,2026-01-09,2026-01-12,6590,PUT,SPXW260112P06590000,0.17,6966.28
SPXW,2025-12-26,2026-01-12,6590,CALL,SPXW260112C06590000,354.84,6929.94
SPXW,2026-01-09,2026-01-12,6625,PUT,SPXW260112P06625000,0.1,6966.28
SPXW,2025-12-16,2026-01-12,6625,CALL,SPXW260112C06625000,216.61,6800.26
SPXW,2026-01-09,2026-01-12,6650,CALL,SPXW260112C06650000,323.8,6966.28
SPXW,2026-01-09,2026-01-12,6655,PUT,SPXW260112P06655000,0.1,6966.28
SPXW,2026-01-09,2026-01-12,6690,CALL,SPXW260112C06690000,276.6,6966.28
SPXW,2026-01-09,2026-01-12,6690,PUT,SPXW260112P06690000,0.12,6966.28
SPXW,2026-01-09,2026-01-12,6720,CALL,SPXW260112C06720000,199.62,6966.28
SPXW,2026-01-09,2026-01-12,6720,PUT,SPXW260112P06720000,0.15,6966.28
SPXW,2026-01-09,2026-01-12,6740,PUT,SPXW260112P06740000,0.12,6966.28
SPXW,2026-01-09,2026-01-12,6745,PUT,SPXW260112P06745000,0.12,6966.28
SPXW,2026-01-08,2026-01-12,6745,CALL,SPXW260112C06745000,194.92,6921.46
SPXW,2026-01-09,2026-01-12,6770,CALL,SPXW260112C06770000,200,6966.28
SPXW,2026-01-09,2026-01-12,6770,PUT,SPXW260112P06770000,0.15,6966.28
SPXW,2026-01-09,2026-01-12,6815,CALL,SPXW260112C06815000,162.91,6966.28
SPXW,2026-01-09,2026-01-12,6815,PUT,SPXW260112P06815000,0.3,6966.28
SPXW,2026-01-09,2026-01-12,6840,CALL,SPXW260112C06840000,131.24,6966.28
SPXW,2026-01-09,2026-01-12,6840,PUT,SPXW260112P06840000,0.38,6966.28
SPXW,2026-01-09,2026-01-12,6865,CALL,SPXW260112C06865000,108.25,6966.28
SPXW,2026-01-09,2026-01-12,6865,PUT,SPXW260112P06865000,0.6,6966.28
SPXW,2026-01-09,2026-01-12,6890,CALL,SPXW260112C06890000,78.2,6966.28
SPXW,2026-01-09,2026-01-12,6890,PUT,SPXW260112P06890000,1.27,6966.28
SPXW,2026-01-09,2026-01-12,6915,CALL,SPXW260112C06915000,52.99,6966.28
SPXW,2026-01-09,2026-01-12,6915,PUT,SPXW260112P06915000,2.6,6966.28
SPXW,2026-01-09,2026-01-12,6940,CALL,SPXW260112C06940000,30.22,6966.28
SPXW,2026-01-09,2026-01-12,6940,PUT,SPXW260112P06940000,5.4,6966.28
SPXW,2026-01-09,2026-01-12,6965,CALL,SPXW260112C06965000,12.92,6966.28
SPXW,2026-01-09,2026-01-12,6965,PUT,SPXW260112P06965000,12.9,6966.28
SPXW,2026-01-09,2026-01-12,6970,PUT,SPXW260112P06970000,15.2,6966.28
SPXW,2026-01-09,2026-01-12,6975,PUT,SPXW260112P06975000,18.05,6966.28
SPXW,2026-01-09,2026-01-12,7030,PUT,SPXW260112P07030000,64.53,6966.28
SPXW,2026-01-09,2026-01-12,7035,PUT,SPXW260112P07035000,59.85,6966.28
SPX,2025-11-28,2026-01-16,2700,CALL,SPX260116C02700000,4153.12,6849.09
SPXW,2026-01-08,2026-01-16,2800,PUT,SPXW260116P02800000,0.03,6921.46
SPX,2025-08-06,2026-01-16,3550,CALL,SPX260116C03550000,2846.69,6345.06
SPX,2026-01-02,2026-01-16,3850,CALL,SPX260116C03850000,3001.79,6858.47
SPXW,2026-01-07,2026-01-16,4350,PUT,SPXW260116P04350000,0.07,6920.93
SPX,2026-01-09,2026-01-16,4375,PUT,SPX260116P04375000,0.05,6966.28
SPX,2025-12-18,2026-01-16,4625,CALL,SPX260116C04625000,2179.42,6774.76
SPX,2026-01-09,2026-01-16,4775,PUT,SPX260116P04775000,0.05,6966.28
SPX,2026-01-02,2026-01-16,5050,CALL,SPX260116C05050000,1792.32,6858.47
SPX,2026-01-09,2026-01-16,5150,PUT,SPX260116P05150000,0.05,6966.28
SPXW,2025-12-19,2026-01-16,5375,CALL,SPXW260116C05375000,1477.45,6834.5
SPX,2026-01-09,2026-01-16,5475,PUT,SPX260116P05475000,0.15,6966.28
SPX,2025-12-29,2026-01-16,5570,CALL,SPX260116C05570000,1346.22,6905.74
SPXW,2026-01-09,2026-01-16,5610,PUT,SPXW260116P05610000,0.1,6966.28
SPX,2025-12-19,2026-01-16,5640,CALL,SPX260116C05640000,1212.87,6834.5
SPXW,2026-01-09,2026-01-16,5750,PUT,SPXW260116P05750000,0.15,6966.28
SPX,2026-01-09,2026-01-16,5890,PUT,SPX260116P05890000,0.3,6966.28
SPX,2026-01-09,2026-01-16,5890,CALL,SPX260116C05890000,1085.7,6966.28
SPX,2025-12-19,2026-01-16,6020,CALL,SPX260116C06020000,832.32,6834.5
SPX,2026-01-09,2026-01-16,6030,PUT,SPX260116P06030000,0.35,6966.28
SPXW,2026-01-09,2026-01-16,6040,PUT,SPXW260116P06040000,0.25,6966.28
SPX,2026-01-09,2026-01-16,6135,PUT,SPX260116P06135000,0.45,6966.28
SPXW,2025-12-26,2026-01-16,6185,CALL,SPXW260116C06185000,755.65,6929.94
SPXW,2026-01-09,2026-01-16,6220,PUT,SPXW260116P06220000,0.4,6966.28
SPXW,2025-12-30,2026-01-16,6235,CALL,SPXW260116C06235000,683.73,6896.24
SPX,2026-01-09,2026-01-16,6295,PUT,SPX260116P06295000,0.5,6966.28
SPXW,2026-01-09,2026-01-16,6375,PUT,SPXW260116P06375000,0.5,6966.28
SPX,2026-01-09,2026-01-16,6375,CALL,SPX260116C06375000,565.99,6966.28
SPX,2025-12-10,2026-01-16,6385,CALL,SPX260116C06385000,513.09,6886.68
SPXW,2026-01-05,2026-01-16,6400,CALL,SPXW260116C06400000,525.72,6902.05
SPXW,2025-11-21,2026-01-16,6465,CALL,SPXW260116C06465000,305.5,6602.99
SPXW,2026-01-09,2026-01-16,6550,PUT,SPXW260116P06550000,0.85,6966.28
SPXW,2026-01-09,2026-01-16,6550,CALL,SPXW260116C06550000,431.59,6966.28
SPXW,2025-12-30,2026-01-16,6555,CALL,SPXW260116C06555000,367.49,6896.24
SPX,2026-01-09,2026-01-16,6620,PUT,SPX260116P06620000,1.25,6966.28
SPXW,2026-01-09,2026-01-16,6690,PUT,SPXW260116P06690000,1.75,6966.28
SPXW,2026-01-09,2026-01-16,6690,CALL,SPXW260116C06690000,285.86,6966.28
SPX,2026-01-09,2026-01-16,6760,CALL,SPX260116C06760000,220.4,6966.28
SPXW,2026-01-09,2026-01-16,6760,PUT,SPXW260116P06760000,3.4,6966.28
SPXW,2026-01-07,2026-01-16,6780,CALL,SPXW260116C06780000,189.83,6920.93
SPX,2026-01-09,2026-01-16,6880,PUT,SPX260116P06880000,10.94,6966.28
SPX,2026-01-09,2026-01-16,6880,CALL,SPX260116C06880000,107.26,6966.28
SPXW,2026-01-09,2026-01-16,6960,PUT,SPXW260116P06960000,33.46,6966.28
SPXW,2026-01-09,2026-01-16,6960,CALL,SPXW260116C06960000,42,6966.28
SPX,2026-01-09,2026-01-16,6965,CALL,SPX260116C06965000,37.08,6966.28
SPXW,2026-01-09,2026-01-16,6965,PUT,SPXW260116P06965000,35.22,6966.28
SPX,2025-12-01,2026-01-16,7035,PUT,SPX260116P07035000,235.9,6812.63
SPX,2025-12-19,2026-01-16,7055,PUT,SPX260116P07055000,230.49,6834.5
SPXW,2025-12-22,2026-01-16,7460,PUT,SPXW260116P07460000,564.37,6878.49
SPXW,2026-01-09,2026-01-16,7570,PUT,SPXW260116P07570000,593.61,6966.28
SPXW,2026-01-05,2026-01-20,4200,PUT,SPXW260120P04200000,0.1,6902.05
SPXW,2026-01-05,2026-01-20,4400,PUT,SPXW260120P04400000,0.1,6902.05
SPXW,2026-01-09,2026-01-20,5600,PUT,SPXW260120P05600000,0.2,6966.28
SPXW,2026-01-09,2026-01-20,5700,PUT,SPXW260120P05700000,0.25,6966.28
SPXW,2026-01-09,2026-01-20,5925,PUT,SPXW260120P05925000,0.38,6966.28
SPXW,2026-01-08,2026-01-20,5950,PUT,SPXW260120P05950000,0.45,6921.46
SPXW,2026-01-05,2026-01-20,6050,CALL,SPXW260120C06050000,857.7,6902.05
SPXW,2026-01-07,2026-01-20,6125,PUT,SPXW260120P06125000,0.87,6920.93
SPXW,2026-01-08,2026-01-20,6275,PUT,SPXW260120P06275000,1,6921.46
SPXW,2026-01-09,2026-01-20,6300,PUT,SPXW260120P06300000,0.65,6966.28
SPXW,2026-01-09,2026-01-20,6450,PUT,SPXW260120P06450000,1,6966.28
SPXW,2026-01-09,2026-01-20,6475,PUT,SPXW260120P06475000,1,6966.28
SPXW,2026-01-07,2026-01-20,6520,PUT,SPXW260120P06520000,1.55,6920.93
SPXW,2026-01-09,2026-01-20,6560,PUT,SPXW260120P06560000,1.53,6966.28
SPXW,2026-01-09,2026-01-20,6610,PUT,SPXW260120P06610000,1.85,6966.28
SPXW,2026-01-09,2026-01-20,6620,PUT,SPXW260120P06620000,1.97,6966.28
SPXW,2026-01-09,2026-01-20,6660,CALL,SPXW260120C06660000,317.81,6966.28
SPXW,2026-01-09,2026-01-20,6660,PUT,SPXW260120P06660000,2.33,6966.28
SPXW,2026-01-09,2026-01-20,6685,PUT,SPXW260120P06685000,2.98,6966.28
SPXW,2026-01-09,2026-01-20,6690,PUT,SPXW260120P06690000,2.85,6966.28
SPXW,2026-01-09,2026-01-20,6720,PUT,SPXW260120P06720000,3.6,6966.28
SPXW,2026-01-05,2026-01-20,6720,CALL,SPXW260120C06720000,205.09,6902.05
SPXW,2026-01-09,2026-01-20,6725,PUT,SPXW260120P06725000,3.9,6966.28
SPXW,2026-01-05,2026-01-20,6740,CALL,SPXW260120C06740000,195.12,6902.05
SPXW,2026-01-09,2026-01-20,6760,CALL,SPXW260120C06760000,226.21,6966.28
SPXW,2026-01-09,2026-01-20,6760,PUT,SPXW260120P06760000,4.8,6966.28
SPXW,2026-01-09,2026-01-20,6780,PUT,SPXW260120P06780000,6.12,6966.28
SPXW,2026-01-06,2026-01-20,6780,CALL,SPXW260120C06780000,190.82,6944.82
SPXW,2026-01-09,2026-01-20,6820,CALL,SPXW260120C06820000,168.7,6966.28
SPXW,2026-01-09,2026-01-20,6820,PUT,SPXW260120P06820000,9,6966.28
SPXW,2026-01-09,2026-01-20,6840,CALL,SPXW260120C06840000,148.65,6966.28
SPXW,2026-01-09,2026-01-20,6840,PUT,SPXW260120P06840000,10.95,6966.28
SPXW,2026-01-08,2026-01-20,6855,CALL,SPXW260120C06855000,88.77,6921.46
SPXW,2026-01-09,2026-01-20,6860,CALL,SPXW260120C06860000,119.98,6966.28
SPXW,2026-01-09,2026-01-20,6860,PUT,SPXW260120P06860000,13.38,6966.28
SPXW,2026-01-09,2026-01-20,6880,CALL,SPXW260120C06880000,106.07,6966.28
SPXW,2026-01-09,2026-01-20,6880,PUT,SPXW260120P06880000,16.02,6966.28
SPXW,2026-01-09,2026-01-20,6895,PUT,SPXW260120P06895000,19.1,6966.28
SPXW,2026-01-09,2026-01-20,6920,CALL,SPXW260120C06920000,78.12,6966.28
SPXW,2026-01-09,2026-01-20,6920,PUT,SPXW260120P06920000,25,6966.28
SPXW,2026-01-09,2026-01-20,6935,CALL,SPXW260120C06935000,70.46,6966.28
SPXW,2026-01-09,2026-01-20,6935,PUT,SPXW260120P06935000,27.29,6966.28
SPXW,2026-01-09,2026-01-20,6955,CALL,SPXW260120C06955000,52,6966.28
SPXW,2026-01-09,2026-01-20,6955,PUT,SPXW260120P06955000,35.18,6966.28
SPXW,2026-01-09,2026-01-20,6965,CALL,SPXW260120C06965000,52.15,6966.28
SPXW,2026-01-09,2026-01-20,6965,PUT,SPXW260120P06965000,39.95,6966.28
SPXW,2026-01-09,2026-01-20,6990,PUT,SPXW260120P06990000,48.78,6966.28
SPXW,2026-01-09,2026-01-20,6995,PUT,SPXW260120P06995000,50.75,6966.28
SPXW,2026-01-09,2026-01-20,7050,PUT,SPXW260120P07050000,117.49,6966.28
SPXW,2026-01-09,2026-01-20,7070,PUT,SPXW260120P07070000,104.34,6966.28
SPXW,2026-01-09,2026-01-30,4800,PUT,SPXW260130P04800000,0.32,6966.28
SPXW,2026-01-06,2026-01-30,4850,PUT,SPXW260130P04850000,0.65,6944.82
SPXW,2025-12-31,2026-01-30,5110,CALL,SPXW260130C05110000,1767.76,6845.5
SPXW,2026-01-09,2026-01-30,5200,PUT,SPXW260130P05200000,0.6,6966.28
SPXW,2026-01-02,2026-01-30,5230,PUT,SPXW260130P05230000,1.3,6858.47
SPXW,2026-01-09,2026-01-30,5320,PUT,SPXW260130P05320000,0.7,6966.28
SPXW,2026-01-08,2026-01-30,5440,PUT,SPXW260130P05440000,1.4,6921.46
SPXW,2026-01-09,2026-01-30,5500,PUT,SPXW260130P05500000,0.96,6966.28
SPXW,2026-01-08,2026-01-30,5580,PUT,SPXW260130P05580000,1.7,6921.46
SPXW,2026-01-08,2026-01-30,5590,PUT,SPXW260130P05590000,1.75,6921.46
SPXW,2026-01-08,2026-01-30,5740,PUT,SPXW260130P05740000,2.2,6921.46
SPXW,2026-01-09,2026-01-30,5775,PUT,SPXW260130P05775000,1.5,6966.28
SPXW,2026-01-08,2026-01-30,5870,PUT,SPXW260130P05870000,2.75,6921.46
SPXW,2026-01-09,2026-01-30,5910,PUT,SPXW260130P05910000,1.8,6966.28
SPXW,2025-12-30,2026-01-30,5975,CALL,SPXW260130C05975000,944.6,6896.24
SPXW,2025-12-24,2026-01-30,5990,CALL,SPXW260130C05990000,970,6932.05
SPXW,2026-01-07,2026-01-30,6095,PUT,SPXW260130P06095000,3.9,6920.93
SPXW,2026-01-09,2026-01-30,6135,PUT,SPXW260130P06135000,3,6966.28
SPXW,2026-01-07,2026-01-30,6180,PUT,SPXW260130P06180000,4.7,6920.93
SPXW,2026-01-09,2026-01-30,6220,PUT,SPXW260130P06220000,4.1,6966.28
SPXW,2026-01-08,2026-01-30,6265,PUT,SPXW260130P06265000,5.9,6921.46
SPXW,2026-01-09,2026-01-30,6305,PUT,SPXW260130P06305000,4.1,6966.28
SPXW,2026-01-08,2026-01-30,6340,PUT,SPXW260130P06340000,7.37,6921.46
SPXW,2025-12-22,2026-01-30,6370,CALL,SPXW260130C06370000,550.4,6878.49
SPXW,2026-01-09,2026-01-30,6380,PUT,SPXW260130P06380000,5.18,6966.28
SPXW,2025-09-22,2026-01-30,6390,CALL,SPXW260130C06390000,510.32,6693.75
SPXW,2026-01-08,2026-01-30,6410,CALL,SPXW260130C06410000,535.91,6921.46
SPXW,2025-12-23,2026-01-30,6465,CALL,SPXW260130C06465000,464.15,6909.79
SPXW,2026-01-09,2026-01-30,6520,PUT,SPXW260130P06520000,10.57,6966.28
SPXW,2026-01-08,2026-01-30,6550,CALL,SPXW260130C06550000,415.83,6921.46
SPXW,2025-12-17,2026-01-30,6565,CALL,SPXW260130C06565000,281.4,6721.43
SPXW,2026-01-09,2026-01-30,6595,PUT,SPXW260130P06595000,10.98,6966.28
SPXW,2025-12-31,2026-01-30,6595,CALL,SPXW260130C06595000,340.03,6845.5
SPXW,2026-01-09,2026-01-30,6650,PUT,SPXW260130P06650000,13.7,6966.28
SPXW,2025-12-30,2026-01-30,6695,CALL,SPXW260130C06695000,263.87,6896.24
SPXW,2026-01-09,2026-01-30,6715,PUT,SPXW260130P06715000,18.44,6966.28
SPXW,2025-12-17,2026-01-30,6715,CALL,SPXW260130C06715000,188.14,6721.43
SPXW,2026-01-09,2026-01-30,6760,PUT,SPXW260130P06760000,22.8,6966.28
SPXW,2026-01-09,2026-01-30,6805,PUT,SPXW260130P06805000,28.37,6966.28
SPXW,2026-01-09,2026-01-30,6855,PUT,SPXW260130P06855000,37.26,6966.28
SPXW,2026-01-09,2026-01-30,6855,CALL,SPXW260130C06855000,168.83,6966.28
SPXW,2026-01-09,2026-01-30,6905,PUT,SPXW260130P06905000,49,6966.28
SPXW,2026-01-09,2026-01-30,6905,CALL,SPXW260130C06905000,128.6,6966.28
SPXW,2026-01-09,2026-01-30,6955,PUT,SPXW260130P06955000,63.21,6966.28
SPXW,2026-01-09,2026-01-30,6965,CALL,SPXW260130C06965000,90.27,6966.28
SPXW,2026-01-09,2026-01-30,6965,PUT,SPXW260130P06965000,68.4,6966.28
SPXW,2025-12-26,2026-01-30,7045,PUT,SPXW260130P07045000,115.43,6929.94
SPXW,2026-01-09,2026-01-30,7080,PUT,SPXW260130P07080000,124.33,6966.28
SPXW,2025-10-29,2026-01-30,7235,PUT,SPXW260130P07235000,347.4,6890.59
SPXW,2026-01-05,2026-01-30,7250,PUT,SPXW260130P07250000,357.44,6902.05
SPXW,2025-12-18,2026-02-27,4700,CALL,SPXW260227C04700000,2111.66,6774.76
SPXW,2026-01-09,2026-02-27,4800,PUT,SPXW260227P04800000,2.22,6966.28
SPXW,2026-01-05,2026-02-27,5100,CALL,SPXW260227C05100000,1835.41,6902.05
SPXW,2026-01-06,2026-02-27,5125,PUT,SPXW260227P05125000,3.7,6944.82
SPXW,2025-12-18,2026-02-27,5220,PUT,SPXW260227P05220000,11.3,6774.76
SPXW,2026-01-06,2026-02-27,5350,PUT,SPXW260227P05350000,5,6944.82
SPXW,2025-12-12,2026-02-27,5390,PUT,SPXW260227P05390000,13.3,6827.41
SPXW,2025-11-25,2026-02-27,5490,PUT,SPXW260227P05490000,34.77,6765.88
SPXW,2026-01-09,2026-02-27,5500,PUT,SPXW260227P05500000,5.4,6966.28
SPXW,2025-12-30,2026-02-27,5580,PUT,SPXW260227P05580000,8.1,6896.24
SPXW,2025-12-29,2026-02-27,5775,PUT,SPXW260227P05775000,7.8,6905.74
SPXW,2026-01-09,2026-02-27,5830,PUT,SPXW260227P05830000,10,6966.28
SPXW,2025-12-22,2026-02-27,5900,CALL,SPXW260227C05900000,1030.1,6878.49
SPXW,2026-01-09,2026-02-27,5980,PUT,SPXW260227P05980000,12.63,6966.28
SPXW,2025-12-31,2026-02-27,6010,PUT,SPXW260227P06010000,16.5,6845.5
SPXW,2026-01-07,2026-02-27,6070,PUT,SPXW260227P06070000,14.51,6920.93
SPXW,2025-11-28,2026-02-27,6100,CALL,SPXW260227C06100000,843.12,6849.09
SPXW,2026-01-07,2026-02-27,6160,PUT,SPXW260227P06160000,19.21,6920.93
SPXW,2026-01-05,2026-02-27,6220,PUT,SPXW260227P06220000,17.6,6902.05
SPXW,2026-01-05,2026-02-27,6220,CALL,SPXW260227C06220000,733.58,6902.05
SPXW,2025-12-22,2026-02-27,6260,PUT,SPXW260227P06260000,35.96,6878.49
SPXW,2025-10-17,2026-02-27,6275,CALL,SPXW260227C06275000,611.38,6664.01
SPXW,2026-01-08,2026-02-27,6310,PUT,SPXW260227P06310000,24.75,6921.46
SPXW,2025-12-08,2026-02-27,6320,CALL,SPXW260227C06320000,641.09,6846.51
SPXW,2025-12-22,2026-02-27,6350,CALL,SPXW260227C06350000,605.81,6878.49
SPXW,2025-10-21,2026-02-27,6420,CALL,SPXW260227C06420000,536.27,6735.35
SPXW,2026-01-07,2026-02-27,6460,PUT,SPXW260227P06460000,32.58,6920.93
SPXW,2026-01-09,2026-02-27,6500,PUT,SPXW260227P06500000,31,6966.28
SPXW,2026-01-09,2026-02-27,6560,PUT,SPXW260227P06560000,35.22,6966.28
SPXW,2025-11-28,2026-02-27,6620,CALL,SPXW260227C06620000,398.4,6849.09
SPXW,2026-01-05,2026-02-27,6630,PUT,SPXW260227P06630000,44.4,6902.05
SPXW,2026-01-05,2026-02-27,6630,CALL,SPXW260227C06630000,360.7,6902.05
SPXW,2026-01-09,2026-02-27,6640,PUT,SPXW260227P06640000,45.15,6966.28
SPXW,2026-01-05,2026-02-27,6670,CALL,SPXW260227C06670000,305.79,6902.05
SPXW,2026-01-05,2026-02-27,6710,PUT,SPXW260227P06710000,70.43,6902.05
SPXW,2026-01-08,2026-02-27,6730,PUT,SPXW260227P06730000,72.25,6921.46
SPXW,2026-01-08,2026-02-27,6790,PUT,SPXW260227P06790000,81.55,6921.46
SPXW,2026-01-05,2026-02-27,6815,CALL,SPXW260227C06815000,215.3,6902.05
SPXW,2026-01-09,2026-02-27,6830,CALL,SPXW260227C06830000,244.75,6966.28
SPXW,2026-01-06,2026-02-27,6855,CALL,SPXW260227C06855000,186.38,6944.82
SPXW,2026-01-09,2026-02-27,6910,CALL,SPXW260227C06910000,179.75,6966.28
SPXW,2026-01-09,2026-02-27,6915,CALL,SPXW260227C06915000,172.1,6966.28
SPXW,2026-01-08,2026-02-27,6920,CALL,SPXW260227C06920000,146.25,6921.46
SPXW,2026-01-06,2026-02-27,6935,CALL,SPXW260227C06935000,141.74,6944.82
SPXW,2026-01-09,2026-02-27,6955,PUT,SPXW260227P06955000,110.45,6966.28
SPXW,2026-01-09,2026-02-27,6965,CALL,SPXW260227C06965000,133.7,6966.28
SPXW,2026-01-07,2026-02-27,6990,PUT,SPXW260227P06990000,120.14,6920.93
SPXW,2026-01-07,2026-02-27,6995,PUT,SPXW260227P06995000,142.6,6920.93
SPXW,2025-12-10,2026-02-27,7150,PUT,SPXW260227P07150000,282.36,6886.68
SPXW,2025-12-26,2026-02-27,7180,PUT,SPXW260227P07180000,257.09,6929.94
SPXW,2026-01-07,2026-03-31,3900,PUT,SPXW260331P03900000,2.3,6920.93
SPXW,2026-01-09,2026-03-31,3950,PUT,SPXW260331P03950000,2.4,6966.28
SPXW,2025-10-03,2026-03-31,4275,PUT,SPXW260331P04275000,18.95,6715.79
SPXW,2026-01-02,2026-03-31,4375,PUT,SPXW260331P04375000,5.1,6858.47
SPXW,2025-09-16,2026-03-31,4550,CALL,SPXW260331C04550000,2170.7,6606.76
SPXW,2026-01-06,2026-03-31,4775,PUT,SPXW260331P04775000,6.9,6944.82
SPXW,2025-11-20,2026-03-31,5100,CALL,SPXW260331C05100000,1612.56,6538.76
SPXW,2026-01-08,2026-03-31,5150,CALL,SPXW260331C05150000,1809.93,6921.46
SPXW,2026-01-06,2026-03-31,5150,PUT,SPXW260331P05150000,10.3,6944.82
SPXW,2025-12-30,2026-03-31,5375,PUT,SPXW260331P05375000,14.63,6896.24
SPXW,2025-12-31,2026-03-31,5520,PUT,SPXW260331P05520000,17.7,6845.5
SPXW,2025-12-23,2026-03-31,5575,PUT,SPXW260331P05575000,20.92,6909.79
SPXW,2025-11-14,2026-03-31,5575,CALL,SPXW260331C05575000,1229.44,6734.11
SPXW,2026-01-02,2026-03-31,5680,PUT,SPXW260331P05680000,20.2,6858.47
SPXW,2026-01-06,2026-03-31,5870,PUT,SPXW260331P05870000,23.69,6944.82
SPXW,2026-01-09,2026-03-31,5900,PUT,SPXW260331P05900000,22.3,6966.28
SPXW,2025-12-03,2026-03-31,5930,PUT,SPXW260331P05930000,55.2,6849.72
SPXW,2025-12-30,2026-03-31,5975,CALL,SPXW260331C05975000,1002,6896.24
SPXW,2025-12-31,2026-03-31,6030,PUT,SPXW260331P06030000,37.9,6845.5
SPXW,2025-12-30,2026-03-31,6075,CALL,SPXW260331C06075000,910.2,6896.24
SPXW,2025-10-27,2026-03-31,6140,CALL,SPXW260331C06140000,902.59,6875.16
SPXW,2025-12-11,2026-03-31,6165,PUT,SPXW260331P06165000,61.18,6901.0
SPXW,2025-11-18,2026-03-31,6220,CALL,SPXW260331C06220000,642.36,6617.32
SPXW,2026-01-05,2026-03-31,6260,PUT,SPXW260331P06260000,41.5,6902.05
SPXW,2025-12-31,2026-03-31,6265,PUT,SPXW260331P06265000,51.3,6845.5
SPXW,2025-12-26,2026-03-31,6285,PUT,SPXW260331P06285000,54.33,6929.94
SPXW,2026-01-09,2026-03-31,6375,PUT,SPXW260331P06375000,47.45,6966.28
SPXW,2025-12-04,2026-03-31,6380,CALL,SPXW260331C06380000,641.57,6857.12
SPXW,2026-01-05,2026-03-31,6425,CALL,SPXW260331C06425000,586.27,6902.05
SPXW,2025-12-03,2026-03-31,6440,CALL,SPXW260331C06440000,570.47,6849.72
SPXW,2025-12-31,2026-03-31,6485,CALL,SPXW260331C06485000,514.84,6845.5
SPXW,2026-01-07,2026-03-31,6555,PUT,SPXW260331P06555000,72.45,6920.93
SPXW,2025-10-17,2026-03-31,6555,CALL,SPXW260331C06555000,436.6,6664.01
SPXW,2025-12-23,2026-03-31,6605,CALL,SPXW260331C06605000,434.89,6909.79
SPXW,2025-12-30,2026-03-31,6635,PUT,SPXW260331P06635000,98.1,6896.24
SPXW,2026-01-09,2026-03-31,6660,CALL,SPXW260331C06660000,423.6,6966.28
SPXW,2026-01-05,2026-03-31,6685,PUT,SPXW260331P06685000,104.8,6902.05
SPXW,2026-01-09,2026-03-31,6700,PUT,SPXW260331P06700000,87.8,6966.28
SPXW,2026-01-08,2026-03-31,6705,CALL,SPXW260331C06705000,353.4,6921.46
SPXW,2026-01-07,2026-03-31,6750,CALL,SPXW260331C06750000,350.1,6920.93
SPXW,2026-01-07,2026-03-31,6755,PUT,SPXW260331P06755000,99.6,6920.93
SPXW,2025-12-18,2026-03-31,6760,CALL,SPXW260331C06760000,265.46,6774.76
SPXW,2025-11-11,2026-03-31,6785,CALL,SPXW260331C06785000,368.69,6846.61
SPXW,2026-01-02,2026-03-31,6845,CALL,SPXW260331C06845000,215.1,6858.47
SPXW,2026-01-09,2026-03-31,6855,PUT,SPXW260331P06855000,131,6966.28
SPXW,2026-01-08,2026-03-31,6860,PUT,SPXW260331P06860000,143.02,6921.46
SPXW,2025-12-12,2026-03-31,6895,CALL,SPXW260331C06895000,250.03,6827.41
SPXW,2026-01-09,2026-03-31,6965,PUT,SPXW260331P06965000,153.75,6966.28
SPXW,2026-01-09,2026-03-31,6970,PUT,SPXW260331P06970000,155.78,6966.28
SPXW,2026-01-08,2026-03-31,6985,PUT,SPXW260331P06985000,185.2,6921.46
SPXW,2026-01-05,2026-04-30,4100,PUT,SPXW260430P04100000,6.87,6902.05
SPXW,2026-01-05,2026-04-30,4200,PUT,SPXW260430P04200000,7.4,6902.05
SPXW,2026-01-09,2026-04-30,4900,PUT,SPXW260430P04900000,12.9,6966.28
SPXW,2026-01-09,2026-04-30,4950,PUT,SPXW260430P04950000,13.3,6966.28
SPXW,2026-01-07,2026-04-30,5250,CALL,SPXW260430C05250000,1729.37,6920.93
SPXW,2026-01-09,2026-04-30,5300,PUT,SPXW260430P05300000,18.25,6966.28
SPXW,2025-12-18,2026-04-30,5325,PUT,SPXW260430P05325000,34.41,6774.76
SPXW,2025-11-19,2026-04-30,5450,CALL,SPXW260430C05450000,1353.19,6642.16
SPXW,2026-01-08,2026-04-30,5475,PUT,SPXW260430P05475000,24.78,6921.46
SPXW,2025-11-18,2026-04-30,5550,CALL,SPXW260430C05550000,1231.74,6617.32
SPXW,2025-12-31,2026-04-30,5650,PUT,SPXW260430P05650000,33.53,6845.5
SPXW,2026-01-09,2026-04-30,5850,PUT,SPXW260430P05850000,34.52,6966.28
SPXW,2025-12-30,2026-04-30,5925,PUT,SPXW260430P05925000,38.82,6896.24
SPXW,2026-01-09,2026-04-30,5975,PUT,SPXW260430P05975000,40.75,6966.28
SPXW,2026-01-09,2026-04-30,6100,PUT,SPXW260430P06100000,48.14,6966.28
SPXW,2026-01-09,2026-04-30,6125,PUT,SPXW260430P06125000,49.67,6966.28
SPXW,2025-11-13,2026-04-30,6225,CALL,SPXW260430C06225000,759.58,6737.49
SPXW,2026-01-09,2026-04-30,6275,PUT,SPXW260430P06275000,62.1,6966.28
SPXW,2026-01-09,2026-04-30,6300,PUT,SPXW260430P06300000,65.1,6966.28
SPXW,2026-01-09,2026-04-30,6400,PUT,SPXW260430P06400000,74.51,6966.28
SPXW,2025-12-17,2026-04-30,6450,CALL,SPXW260430C06450000,509.79,6721.43
SPXW,2026-01-07,2026-04-30,6500,PUT,SPXW260430P06500000,97.9,6920.93
SPXW,2026-01-09,2026-04-30,6525,PUT,SPXW260430P06525000,89.51,6966.28
SPXW,2025-12-08,2026-04-30,6525,CALL,SPXW260430C06525000,548.32,6846.51
SPXW,2025-11-03,2026-04-30,6620,CALL,SPXW260430C06620000,540.19,6851.97
SPXW,2026-01-09,2026-04-30,6640,PUT,SPXW260430P06640000,107.29,6966.28
SPXW,2026-01-09,2026-04-30,6680,PUT,SPXW260430P06680000,116.17,6966.28
SPXW,2025-11-19,2026-04-30,6680,CALL,SPXW260430C06680000,378.5,6642.16
SPXW,2026-01-07,2026-04-30,6700,PUT,SPXW260430P06700000,121.56,6920.93
SPXW,2026-01-09,2026-04-30,6760,CALL,SPXW260430C06760000,395.3,6966.28
SPXW,2026-01-09,2026-04-30,6760,PUT,SPXW260430P06760000,135.2,6966.28
SPXW,2026-01-09,2026-04-30,6790,CALL,SPXW260430C06790000,372.5,6966.28
SPXW,2026-01-09,2026-04-30,6790,PUT,SPXW260430P06790000,142.2,6966.28
SPXW,2026-01-07,2026-04-30,6840,CALL,SPXW260430C06840000,335.1,6920.93
SPXW,2026-01-07,2026-04-30,6840,PUT,SPXW260430P06840000,148.95,6920.93
SPXW,2026-01-09,2026-04-30,6850,PUT,SPXW260430P06850000,151.55,6966.28
SPXW,2026-01-09,2026-04-30,6860,CALL,SPXW260430C06860000,321.2,6966.28
SPXW,2026-01-07,2026-04-30,6880,PUT,SPXW260430P06880000,175.85,6920.93
SPXW,2026-01-07,2026-04-30,6920,PUT,SPXW260430P06920000,172.27,6920.93
SPXW,2026-01-09,2026-04-30,6925,PUT,SPXW260430P06925000,173.16,6966.28
SPXW,2026-01-07,2026-04-30,6930,CALL,SPXW260430C06930000,267.79,6920.93
SPXW,2026-01-09,2026-04-30,6950,CALL,SPXW260430C06950000,264.69,6966.28
SPXW,2026-01-09,2026-04-30,6950,PUT,SPXW260430P06950000,181.06,6966.28
SPXW,2026-01-09,2026-04-30,6970,PUT,SPXW260430P06970000,187.2,6966.28
SPXW,2026-01-09,2026-04-30,6975,PUT,SPXW260430P06975000,190.69,6966.28
SPXW,2026-01-06,2026-04-30,6990,PUT,SPXW260430P06990000,214.5,6944.82
SPXW,2025-12-30,2026-04-30,7125,PUT,SPXW260430P07125000,290.4,6896.24
SPXW,2026-01-08,2026-04-30,7150,PUT,SPXW260430P07150000,293.8,6921.46
SPXW,2025-12-26,2026-04-30,7250,PUT,SPXW260430P07250000,337.8,6929.94
SPXW,2025-12-26,2026-04-30,7275,PUT,SPXW260430P07275000,364.2,6929.94
SPXW,2026-01-08,2026-06-30,4000,PUT,SPXW260630P04000000,12.86,6921.46
SPXW,2026-01-02,2026-06-30,4100,PUT,SPXW260630P04100000,15.1,6858.47
SPXW,2025-12-22,2026-06-30,4700,CALL,SPXW260630C04700000,2260.25,6878.49
SPXW,2026-01-07,2026-06-30,4700,PUT,SPXW260630P04700000,22.64,6920.93
SPXW,2026-01-07,2026-06-30,5075,PUT,SPXW260630P05075000,30.99,6920.93
SPXW,2026-01-08,2026-06-30,5100,PUT,SPXW260630P05100000,33.45,6921.46
SPXW,2025-12-03,2026-06-30,5250,CALL,SPXW260630C05250000,1710,6849.72
SPXW,2026-01-06,2026-06-30,5300,PUT,SPXW260630P05300000,38.25,6944.82
SPXW,2026-01-06,2026-06-30,5575,PUT,SPXW260630P05575000,51.05,6944.82
SPXW,2026-01-06,2026-06-30,5600,PUT,SPXW260630P05600000,52.8,6944.82
SPXW,2026-01-08,2026-06-30,5800,PUT,SPXW260630P05800000,67.27,6921.46
SPXW,2026-01-07,2026-06-30,5825,PUT,SPXW260630P05825000,68.1,6920.93
SPXW,2025-08-22,2026-06-30,5950,CALL,SPXW260630C05950000,857.09,6466.91
SPXW,2026-01-08,2026-06-30,6020,PUT,SPXW260630P06020000,85.3,6921.46
SPXW,2026-01-08,2026-06-30,6025,CALL,SPXW260630C06025000,1065.3,6921.46
SPXW,2025-08-18,2026-06-30,6050,CALL,SPXW260630C06050000,771.12,6449.15
SPXW,2026-01-07,2026-06-30,6120,PUT,SPXW260630P06120000,94.08,6920.93
SPXW,2025-12-01,2026-06-30,6130,PUT,SPXW260630P06130000,141.73,6812.63
SPXW,2026-01-09,2026-06-30,6160,PUT,SPXW260630P06160000,91.32,6966.28
SPXW,2026-01-09,2026-06-30,6270,PUT,SPXW260630P06270000,103.82,6966.28
SPXW,2025-12-30,2026-06-30,6290,PUT,SPXW260630P06290000,120.2,6896.24
SPXW,2025-12-05,2026-06-30,6325,CALL,SPXW260630C06325000,827.65,6870.4
SPXW,2026-01-09,2026-06-30,6350,PUT,SPXW260630P06350000,114.25,6966.28
SPXW,2025-11-07,2026-06-30,6360,CALL,SPXW260630C06360000,661.97,6728.8
SPXW,2025-12-17,2026-06-30,6420,PUT,SPXW260630P06420000,178.42,6721.43
SPXW,2025-10-21,2026-06-30,6420,CALL,SPXW260630C06420000,681.94,6735.35
SPXW,2025-12-16,2026-06-30,6425,CALL,SPXW260630C06425000,674.71,6800.26
SPXW,2025-12-22,2026-06-30,6450,CALL,SPXW260630C06450000,675.95,6878.49
SPXW,2026-01-06,2026-06-30,6455,PUT,SPXW260630P06455000,137.8,6944.82
SPXW,2026-01-09,2026-06-30,6475,PUT,SPXW260630P06475000,133.06,6966.28
SPXW,2025-12-17,2026-06-30,6525,CALL,SPXW260630C06525000,544.63,6721.43
SPXW,2025-12-17,2026-06-30,6530,CALL,SPXW260630C06530000,540.65,6721.43
SPXW,2025-12-30,2026-06-30,6625,PUT,SPXW260630P06625000,177.64,6896.24
SPXW,2026-01-09,2026-06-30,6680,CALL,SPXW260630C06680000,552.54,6966.28
SPXW,2025-12-22,2026-06-30,6730,CALL,SPXW260630C06730000,458.82,6878.49
SPXW,2026-01-09,2026-06-30,6810,CALL,SPXW260630C06810000,446,6966.28
SPXW,2025-12-17,2026-06-30,6860,CALL,SPXW260630C06860000,350.3,6721.43
SPXW,2026-01-09,2026-06-30,6905,CALL,SPXW260630C06905000,379.2,6966.28
SPXW,2026-01-09,2026-06-30,6910,CALL,SPXW260630C06910000,375.8,6966.28
SPXW,2026-01-07,2026-06-30,6925,CALL,SPXW260630C06925000,366.5,6920.93
SPXW,2026-01-09,2026-06-30,6960,CALL,SPXW260630C06960000,342.5,6966.28
SPXW,2026-01-09,2026-06-30,6970,CALL,SPXW260630C06970000,342.38,6966.28
SPXW,2026-01-09,2026-06-30,6975,CALL,SPXW260630C06975000,341.48,6966.28
SPXW,2026-01-09,2026-06-30,7110,CALL,SPXW260630C07110000,243.6,6966.28
SPXW,2026-01-05,2026-06-30,7120,CALL,SPXW260630C07120000,223.5,6902.05
SPXW,2026-01-09,2026-06-30,7175,CALL,SPXW260630C07175000,223.2,6966.28
SPXW,2026-01-02,2026-06-30,7190,CALL,SPXW260630C07190000,165.5,6858.47
SPXW,2026-01-09,2026-06-30,7350,CALL,SPXW260630C07350000,141.63,6966.28
SPXW,2026-01-09,2026-06-30,7600,CALL,SPXW260630C07600000,64.4,6966.28
SPXW,2026-01-08,2026-06-30,7625,CALL,SPXW260630C07625000,52.7,6921.46
SPXW,2026-01-07,2026-09-30,4000,CALL,SPXW260930C04000000,3028.14,6920.93
SPXW,2026-01-09,2026-09-30,4000,PUT,SPXW260930P04000000,22.43,6966.28
SPXW,2026-01-07,2026-09-30,4750,PUT,SPXW260930P04750000,42.06,6920.93
SPXW,2026-01-06,2026-09-30,4800,PUT,SPXW260930P04800000,43.9,6944.82
SPXW,2025-12-18,2026-09-30,5150,PUT,SPXW260930P05150000,74.47,6774.76
SPXW,2025-12-26,2026-09-30,5250,PUT,SPXW260930P05250000,68.32,6929.94
SPXW,2025-09-25,2026-09-30,5250,CALL,SPXW260930C05250000,1606.64,6604.72
SPXW,2025-11-12,2026-09-30,5450,CALL,SPXW260930C05450000,1658.98,6850.92
SPXW,2025-12-23,2026-09-30,5650,PUT,SPXW260930P05650000,98.4,6909.79
SPXW,2026-01-09,2026-09-30,5700,PUT,SPXW260930P05700000,93.54,6966.28
SPXW,2026-01-06,2026-09-30,5850,PUT,SPXW260930P05850000,120.16,6944.82
SPXW,2026-01-09,2026-09-30,5900,PUT,SPXW260930P05900000,115.88,6966.28
SPXW,2026-01-02,2026-09-30,5975,PUT,SPXW260930P05975000,141.09,6858.47
SPXW,2026-01-05,2026-09-30,6050,CALL,SPXW260930C06050000,1119.69,6902.05
SPXW,2025-10-29,2026-09-30,6150,CALL,SPXW260930C06150000,1124.3,6890.59
SPXW,2025-11-18,2026-09-30,6175,CALL,SPXW260930C06175000,907.18,6617.32
SPXW,2026-01-06,2026-09-30,6200,CALL,SPXW260930C06200000,1030.35,6944.82
SPXW,2026-01-05,2026-09-30,6305,PUT,SPXW260930P06305000,184.45,6902.05
SPXW,2026-01-06,2026-09-30,6325,PUT,SPXW260930P06325000,185.81,6944.82
SPXW,2025-12-29,2026-09-30,6370,PUT,SPXW260930P06370000,193.26,6905.74
SPXW,2026-01-06,2026-09-30,6400,PUT,SPXW260930P06400000,185.31,6944.82
SPXW,2025-11-20,2026-09-30,6420,PUT,SPXW260930P06420000,359.53,6538.76
SPXW,2026-01-07,2026-09-30,6430,PUT,SPXW260930P06430000,197,6920.93
SPXW,2025-11-18,2026-09-30,6450,CALL,SPXW260930C06450000,698.81,6617.32
SPXW,2026-01-09,2026-09-30,6460,PUT,SPXW260930P06460000,204.3,6966.28
SPXW,2025-12-22,2026-09-30,6485,PUT,SPXW260930P06485000,222.9,6878.49
SPXW,2025-12-18,2026-09-30,6490,CALL,SPXW260930C06490000,715.97,6774.76
SPXW,2026-01-09,2026-09-30,6505,PUT,SPXW260930P06505000,218.1,6966.28
SPXW,2025-12-02,2026-09-30,6515,CALL,SPXW260930C06515000,748.22,6829.37
SPXW,2026-01-09,2026-09-30,6535,PUT,SPXW260930P06535000,224.6,6966.28
SPXW,2026-01-09,2026-09-30,6540,PUT,SPXW260930P06540000,216.06,6966.28
SPXW,2025-10-08,2026-09-30,6540,CALL,SPXW260930C06540000,698.74,6753.72
SPXW,2026-01-05,2026-09-30,6550,PUT,SPXW260930P06550000,229.9,6902.05
SPXW,2025-12-05,2026-09-30,6555,PUT,SPXW260930P06555000,261.9,6870.4
SPXW,2025-12-03,2026-09-30,6560,PUT,SPXW260930P06560000,274.57,6849.72
SPXW,2025-12-18,2026-09-30,6560,CALL,SPXW260930C06560000,652.63,6774.76
SPXW,2026-01-09,2026-09-30,6565,PUT,SPXW260930P06565000,228.9,6966.28
SPXW,2025-12-24,2026-09-30,6585,PUT,SPXW260930P06585000,233.57,6932.05
SPXW,2025-11-07,2026-09-30,6605,CALL,SPXW260930C06605000,599.96,6728.8
SPXW,2025-11-21,2026-09-30,6605,PUT,SPXW260930P06605000,385.55,6602.99
SPXW,2025-11-18,2026-09-30,6630,CALL,SPXW260930C06630000,558,6617.32
SPXW,2025-11-06,2026-09-30,6655,CALL,SPXW260930C06655000,619.45,6720.32
SPXW,2025-12-08,2026-09-30,6675,CALL,SPXW260930C06675000,635.45,6846.51
SPXW,2025-12-24,2026-09-30,6690,CALL,SPXW260930C06690000,642,6932.05
SPXW,2025-12-24,2026-09-30,6690,PUT,SPXW260930P06690000,257.6,6932.05
SPXW,2026-01-09,2026-09-30,6700,CALL,SPXW260930C06700000,656.3,6966.28
SPXW,2026-01-09,2026-09-30,6700,PUT,SPXW260930P06700000,245.82,6966.28
SPXW,2025-12-18,2026-09-30,6775,CALL,SPXW260930C06775000,491.41,6774.76
SPXW,2025-12-08,2026-09-30,6785,CALL,SPXW260930C06785000,565.6,6846.51
SPXW,2026-01-05,2026-09-30,6915,CALL,SPXW260930C06915000,470.27,6902.05
SPXW,2025-12-31,2026-12-31,3900,PUT,SPXW261231P03900000,32.49,6845.5
SPXW,2026-01-07,2026-12-31,4000,PUT,SPXW261231P04000000,33.06,6920.93
SPXW,2026-01-06,2026-12-31,4800,CALL,SPXW261231C04800000,2291.05,6944.82
SPXW,2026-01-07,2026-12-31,4850,PUT,SPXW261231P04850000,64.9,6920.93
SPXW,2026-01-02,2026-12-31,5300,PUT,SPXW261231P05300000,103,6858.47
SPXW,2026-01-07,2026-12-31,5350,PUT,SPXW261231P05350000,102.96,6920.93
SPXW,2025-12-29,2026-12-31,5750,PUT,SPXW261231P05750000,147.8,6905.74
SPXW,2026-01-07,2026-12-31,5775,PUT,SPXW261231P05775000,149.12,6920.93
SPXW,2025-12-29,2026-12-31,5950,PUT,SPXW261231P05950000,173.37,6905.74
SPXW,2026-01-06,2026-12-31,6000,CALL,SPXW261231C06000000,1270.01,6944.82
SPXW,2026-01-07,2026-12-31,6120,PUT,SPXW261231P06120000,192.8,6920.93
SPXW,2026-01-06,2026-12-31,6130,PUT,SPXW261231P06130000,197.42,6944.82
SPXW,2025-12-29,2026-12-31,6180,PUT,SPXW261231P06180000,210.6,6905.74
SPXW,2026-01-08,2026-12-31,6200,CALL,SPXW261231C06200000,1088.27,6921.46
SPXW,2025-12-24,2026-12-31,6395,PUT,SPXW261231P06395000,244.98,6932.05
SPXW,2026-01-08,2026-12-31,6400,PUT,SPXW261231P06400000,235.15,6921.46
SPXW,2025-12-29,2026-12-31,6470,CALL,SPXW261231C06470000,885.88,6905.74
SPXW,2025-12-29,2026-12-31,6470,PUT,SPXW261231P06470000,263.2,6905.74
SPXW,2025-12-30,2026-12-31,6545,CALL,SPXW261231C06545000,825.05,6896.24
SPXW,2026-01-06,2026-12-31,6580,CALL,SPXW261231C06580000,805.87,6944.82
SPXW,2026-01-02,2026-12-31,6630,CALL,SPXW261231C06630000,738.16,6858.47
SPXW,2025-12-26,2026-12-31,6635,PUT,SPXW261231P06635000,299.7,6929.94
SPXW,2026-01-09,2026-12-31,6670,PUT,SPXW261231P06670000,300.33,6966.28
SPXW,2026-01-05,2026-12-31,6675,PUT,SPXW261231P06675000,317.2,6902.05
SPXW,2026-01-06,2026-12-31,6800,CALL,SPXW261231C06800000,650.06,6944.82
SPXW,2026-01-09,2026-12-31,6800,PUT,SPXW261231P06800000,339.33,6966.28
SPXW,2026-01-06,2026-12-31,6835,CALL,SPXW261231C06835000,619.52,6944.82
SPXW,2026-01-02,2026-12-31,6840,PUT,SPXW261231P06840000,381.69,6858.47
SPXW,2026-01-06,2026-12-31,6845,PUT,SPXW261231P06845000,351.12,6944.82
SPXW,2026-01-02,2026-12-31,6855,CALL,SPXW261231C06855000,573.48,6858.47
SPXW,2026-01-05,2026-12-31,6905,CALL,SPXW261231C06905000,568.87,6902.05
SPXW,2026-01-09,2026-12-31,6920,CALL,SPXW261231C06920000,602.9,6966.28
SPXW,2026-01-09,2026-12-31,6920,PUT,SPXW261231P06920000,362.09,6966.28
SPXW,2026-01-06,2026-12-31,6925,PUT,SPXW261231P06925000,380.31,6944.82
SPXW,2026-01-07,2026-12-31,6930,PUT,SPXW261231P06930000,374.5,6920.93
SPXW,2026-01-08,2026-12-31,6940,CALL,SPXW261231C06940000,560.65,6921.46
SPXW,2026-01-02,2026-12-31,7015,CALL,SPXW261231C07015000,472.6,6858.47
SPXW,2026-01-05,2026-12-31,7035,CALL,SPXW261231C07035000,492.69,6902.05
SPXW,2026-01-02,2026-12-31,7185,CALL,SPXW261231C07185000,373.8,6858.47
SPXW,2026-01-05,2026-12-31,7230,CALL,SPXW261231C07230000,372.71,6902.05
SPXW,2026-01-02,2026-12-31,7280,CALL,SPXW261231C07280000,339.44,6858.47
SPXW,2026-01-08,2026-12-31,7350,CALL,SPXW261231C07350000,319.82,6921.46
SPXW,2026-01-05,2026-12-31,7440,CALL,SPXW261231C07440000,273.61,6902.05
SPXW,2026-01-09,2026-12-31,7550,CALL,SPXW261231C07550000,252.1,6966.28
SPXW,2026-01-08,2026-12-31,7660,CALL,SPXW261231C07660000,188.55,6921.46
SPXW,2026-01-09,2026-12-31,7700,CALL,SPXW261231C07700000,192.84,6966.28
SPXW,2025-12-26,2026-12-31,7890,CALL,SPXW261231C07890000,128.66,6929.94
SPXW,2026-01-09,2026-12-31,7950,CALL,SPXW261231C07950000,120.02,6966.28
SPXW,2025-12-26,2026-12-31,8120,CALL,SPXW261231C08120000,78.68,6929.94
SPXW,2025-12-26,2026-12-31,8130,CALL,SPXW261231C08130000,77.07,6929.94
SPX,2025-04-16,2027-12-17,800,CALL,SPX271217C00800000,4415.3,5275.7
SPX,2026-01-06,2027-12-17,1200,CALL,SPX271217C01200000,5710.81,6944.82
SPX,2025-12-29,2027-12-17,2000,CALL,SPX271217C02000000,4928.95,6905.74
SPX,2025-12-29,2027-12-17,2000,PUT,SPX271217P02000000,14.5,6905.74
SPX,2023-07-24,2027-12-17,2300,CALL,SPX271217C02300000,2530.58,4554.64
SPX,2026-01-08,2027-12-17,2500,PUT,SPX271217P02500000,21.85,6921.46
SPX,2026-01-06,2027-12-17,2600,PUT,SPX271217P02600000,24.98,6944.82
SPX,2025-09-17,2027-12-17,3000,CALL,SPX271217C03000000,3767,6600.35
SPX,2025-11-06,2027-12-17,3100,CALL,SPX271217C03100000,3850.29,6720.32
SPX,2025-04-07,2027-12-17,3300,CALL,SPX271217C03300000,2024.16,5062.25
SPX,2026-01-09,2027-12-17,3500,PUT,SPX271217P03500000,51.37,6966.28
SPX,2026-01-06,2027-12-17,4100,CALL,SPX271217C04100000,3069.95,6944.82
SPX,2026-01-06,2027-12-17,4100,PUT,SPX271217P04100000,81.55,6944.82
SPX,2026-01-07,2027-12-17,4400,PUT,SPX271217P04400000,100.72,6920.93
SPX,2025-12-24,2027-12-17,4400,CALL,SPX271217C04400000,2826.93,6932.05
SPX,2025-12-30,2027-12-17,4500,CALL,SPX271217C04500000,2710,6896.24
SPX,2025-11-14,2027-12-17,4550,CALL,SPX271217C04550000,2599.98,6734.11
SPX,2025-10-28,2027-12-17,4700,CALL,SPX271217C04700000,2573.54,6890.89
SPX,2025-07-10,2027-12-17,4850,CALL,SPX271217C04850000,1934.03,6280.46
SPX,2026-01-08,2027-12-17,4900,CALL,SPX271217C04900000,2382.06,6921.46
SPX,2026-01-08,2027-12-17,4900,PUT,SPX271217P04900000,147.4,6921.46
SPX,2025-12-16,2027-12-17,5050,CALL,SPX271217C05050000,2183.41,6800.26
SPX,2025-12-16,2027-12-17,5050,PUT,SPX271217P05050000,185.81,6800.26
SPX,2026-01-09,2027-12-17,5350,PUT,SPX271217P05350000,198.28,6966.28
SPX,2025-12-19,2027-12-17,5450,PUT,SPX271217P05450000,228.1,6834.5
SPX,2026-01-07,2027-12-17,5550,PUT,SPX271217P05550000,226.19,6920.93
SPX,2026-01-06,2027-12-17,5750,CALL,SPX271217C05750000,1707,6944.82
SPX,2026-01-09,2027-12-17,5750,PUT,SPX271217P05750000,257.3,6966.28
SPX,2026-01-09,2027-12-17,5900,CALL,SPX271217C05900000,1627.2,6966.28
SPX,2026-01-09,2027-12-17,5900,PUT,SPX271217P05900000,277.95,6966.28
SPX,2026-01-06,2027-12-17,6050,CALL,SPX271217C06050000,1494.46,6944.82
SPX,2026-01-09,2027-12-17,6100,CALL,SPX271217C06100000,1470.23,6966.28
SPX,2026-01-09,2027-12-17,6250,PUT,SPX271217P06250000,346.1,6966.28
SPX,2026-01-09,2027-12-17,6300,CALL,SPX271217C06300000,1350.64,6966.28
SPX,2025-12-12,2027-12-17,6350,CALL,SPX271217C06350000,1249.8,6827.41
SPX,2026-01-06,2027-12-17,6450,CALL,SPX271217C06450000,1225.31,6944.82
SPX,2025-12-10,2027-12-17,6650,PUT,SPX271217P06650000,477,6886.68
SPX,2026-01-06,2027-12-17,6700,CALL,SPX271217C06700000,1039.82,6944.82
SPX,2026-01-05,2027-12-17,6850,PUT,SPX271217P06850000,519.9,6902.05
SPX,2026-01-02,2027-12-17,6850,CALL,SPX271217C06850000,887.17,6858.47
SPX,2026-01-09,2027-12-17,6900,CALL,SPX271217C06900000,945.2,6966.28
SPX,2026-01-09,2027-12-17,6950,CALL,SPX271217C06950000,910.25,6966.28
SPX,2026-01-02,2027-12-17,7250,PUT,SPX271217P07250000,667.56,6858.47
SPX,2026-01-08,2027-12-17,7300,PUT,SPX271217P07300000,667.2,6921.46
SPX,2025-12-19,2027-12-17,7700,PUT,SPX271217P07700000,879.3,6834.5
SPX,2026-01-08,2027-12-17,7800,PUT,SPX271217P07800000,880.3,6921.46
SPX,2026-01-07,2027-12-17,8100,PUT,SPX271217P08100000,1021.4,6920.93
SPX,2026-01-09,2027-12-17,8300,PUT,SPX271217P08300000,1148.53,6966.28
SPX,2026-01-05,2027-12-17,9200,PUT,SPX271217P09200000,1838.8,6902.05
SPX,2025-11-17,2027-12-17,9400,PUT,SPX271217P09400000,2149.73,6672.41
SPX,2023-09-22,2028-12-15,800,CALL,SPX281215C00800000,3425.05,4320.06
SPX,2024-03-21,2028-12-15,1200,CALL,SPX281215C01200000,4062.47,5241.53
SPX,2026-01-07,2028-12-15,2000,PUT,SPX281215P02000000,22.54,6920.93
SPX,2026-01-09,2028-12-15,2200,PUT,SPX281215P02200000,26.62,6966.28
SPX,2025-03-28,2028-12-15,2200,CALL,SPX281215C02200000,3619.9,5580.94
SPX,2026-01-08,2028-12-15,2700,PUT,SPX281215P02700000,43.86,6921.46
SPX,2025-11-19,2028-12-15,2900,PUT,SPX281215P02900000,61.2,6642.16
SPX,2026-01-09,2028-12-15,3000,PUT,SPX281215P03000000,53.99,6966.28
SPX,2025-05-16,2028-12-15,3100,CALL,SPX281215C03100000,3172.23,5958.38
SPX,2026-01-08,2028-12-15,3400,CALL,SPX281215C03400000,3768.29,6921.46
SPX,2026-01-08,2028-12-15,3400,PUT,SPX281215P03400000,75.9,6921.46
SPX,2026-01-07,2028-12-15,3600,PUT,SPX281215P03600000,83.5,6920.93
SPX,2025-07-15,2028-12-15,3700,CALL,SPX281215C03700000,2986.42,6243.76
SPX,2025-12-31,2028-12-15,3800,CALL,SPX281215C03800000,3403.07,6845.5
SPX,2025-11-03,2028-12-15,3900,PUT,SPX281215P03900000,109.81,6851.97
SPX,2025-12-05,2028-12-15,4100,PUT,SPX281215P04100000,126.3,6870.4
SPX,2025-12-18,2028-12-15,4200,PUT,SPX281215P04200000,143,6774.76
SPX,2025-11-10,2028-12-15,4300,CALL,SPX281215C04300000,2999.72,6832.43
SPX,2025-12-12,2028-12-15,4400,CALL,SPX281215C04400000,2891.41,6827.41
SPX,2026-01-09,2028-12-15,4500,PUT,SPX281215P04500000,155.1,6966.28
SPX,2025-12-30,2028-12-15,4700,CALL,SPX281215C04700000,2707.07,6896.24
SPX,2025-12-17,2028-12-15,4700,PUT,SPX281215P04700000,195.1,6721.43
SPX,2026-01-05,2028-12-15,4800,PUT,SPX281215P04800000,190.08,6902.05
SPX,2026-01-06,2028-12-15,4900,PUT,SPX281215P04900000,204.96,6944.82
SPX,2025-12-22,2028-12-15,5200,CALL,SPX281215C05200000,2299.4,6878.49
SPX,2025-12-22,2028-12-15,5200,PUT,SPX281215P05200000,249.3,6878.49
SPX,2026-01-08,2028-12-15,5400,CALL,SPX281215C05400000,2189.8,6921.46
SPX,2026-01-06,2028-12-15,5400,PUT,SPX281215P05400000,281.14,6944.82
SPX,2025-12-30,2028-12-15,5600,PUT,SPX281215P05600000,311.8,6896.24
SPX,2026-01-06,2028-12-15,5700,PUT,SPX281215P05700000,330.03,6944.82
SPX,2026-01-02,2028-12-15,5900,PUT,SPX281215P05900000,384.58,6858.47
SPX,2026-01-09,2028-12-15,5900,CALL,SPX281215C05900000,1880.95,6966.28
SPX,2026-01-08,2028-12-15,6100,CALL,SPX281215C06100000,1699.7,6921.46
SPX,2026-01-06,2028-12-15,6200,PUT,SPX281215P06200000,434.93,6944.82
SPX,2025-12-24,2028-12-15,6400,PUT,SPX281215P06400000,477.3,6932.05
SPX,2026-01-09,2028-12-15,6400,CALL,SPX281215C06400000,1544.65,6966.28
SPX,2026-01-06,2028-12-15,6600,CALL,SPX281215C06600000,1391.34,6944.82
SPX,2026-01-06,2028-12-15,6600,PUT,SPX281215P06600000,530.92,6944.82
SPX,2026-01-08,2028-12-15,6800,CALL,SPX281215C06800000,1241.21,6921.46
SPX,2026-01-09,2028-12-15,6900,CALL,SPX281215C06900000,1214.4,6966.28
SPX,2026-01-06,2028-12-15,6900,PUT,SPX281215P06900000,616.04,6944.82
SPX,2026-01-09,2028-12-15,7000,PUT,SPX281215P07000000,628.61,6966.28
SPX,2026-01-07,2028-12-15,7400,PUT,SPX281215P07400000,772.73,6920.93
SPX,2026-01-07,2028-12-15,7500,PUT,SPX281215P07500000,812.49,6920.93
SPX,2026-01-07,2028-12-15,7900,PUT,SPX281215P07900000,965.01,6920.93
SPX,2026-01-07,2028-12-15,8000,PUT,SPX281215P08000000,1011.28,6920.93
SPX,2025-09-10,2028-12-15,8600,PUT,SPX281215P08600000,1487.2,6532.04
SPX,2026-01-08,2028-12-15,9000,PUT,SPX281215P09000000,1568.64,6921.46
SPX,2025-12-10,2028-12-15,9800,PUT,SPX281215P09800000,2161.3,6886.68
SPX,2025-10-29,2028-12-15,10000,PUT,SPX281215P10000000,2250.84,6890.59
SPX,2025-10-02,2029-12-21,1200,CALL,SPX291221C01200000,5502.99,6715.35
SPX,2025-12-17,2029-12-21,1200,PUT,SPX291221P01200000,9.64,6721.43
SPX,2025-07-18,2029-12-21,2000,CALL,SPX291221C02000000,4413.41,6296.79
SPX,2025-12-09,2029-12-21,2000,PUT,SPX291221P02000000,28.95,6840.51
SPX,2026-01-09,2029-12-21,2600,PUT,SPX291221P02600000,48.3,6966.28
SPX,2026-01-06,2029-12-21,2800,PUT,SPX291221P02800000,58,6944.82
SPX,2025-12-17,2029-12-21,3000,CALL,SPX291221C03000000,4008.12,6721.43
SPX,2026-01-02,2029-12-21,3000,PUT,SPX291221P03000000,69.68,6858.47
SPX,2026-01-08,2029-12-21,3400,CALL,SPX291221C03400000,3863.29,6921.46
SPX,2026-01-08,2029-12-21,3400,PUT,SPX291221P03400000,91.47,6921.46
SPX,2025-08-15,2029-12-21,3500,CALL,SPX291221C03500000,3437.01,6449.8
SPX,2025-02-03,2029-12-21,3600,CALL,SPX291221C03600000,2967.4,5994.57
SPX,2025-12-01,2029-12-21,3700,PUT,SPX291221P03700000,122.98,6812.63
SPX,2025-12-31,2029-12-21,4000,CALL,SPX291221C04000000,3371.01,6845.5
SPX,2025-08-06,2029-12-21,4100,CALL,SPX291221C04100000,2932.61,6345.06
SPX,2025-08-06,2029-12-21,4100,PUT,SPX291221P04100000,169.11,6345.06
SPX,2025-06-11,2029-12-21,4300,CALL,SPX291221C04300000,2474.63,6022.24
SPX,2025-08-25,2029-12-21,4300,PUT,SPX291221P04300000,182.5,6439.32
SPX,2025-12-10,2029-12-21,4600,PUT,SPX291221P04600000,213.4,6886.68
SPX,2025-06-24,2029-12-21,4700,CALL,SPX291221C04700000,2274.35,6092.18
SPX,2026-01-05,2029-12-21,4800,CALL,SPX291221C04800000,2777.68,6902.05
SPX,2026-01-08,2029-12-21,5000,CALL,SPX291221C05000000,2655.8,6921.46
SPX,2026-01-08,2029-12-21,5000,PUT,SPX291221P05000000,259.12,6921.46
SPX,2026-01-09,2029-12-21,5200,PUT,SPX291221P05200000,284.3,6966.28
SPX,2025-11-20,2029-12-21,5200,CALL,SPX291221C05200000,2346.84,6538.76
SPX,2025-11-20,2029-12-21,5300,CALL,SPX291221C05300000,2280.7,6538.76
SPX,2025-11-12,2029-12-21,5700,PUT,SPX291221P05700000,392.01,6850.92
SPX,2025-12-30,2029-12-21,5700,CALL,SPX291221C05700000,2174.85,6896.24
SPX,2025-12-16,2029-12-21,5800,CALL,SPX291221C05800000,2149.62,6800.26
SPX,2025-12-16,2029-12-21,5800,PUT,SPX291221P05800000,397.34,6800.26
SPX,2025-12-11,2029-12-21,5950,CALL,SPX291221C05950000,2022.12,6901.0
SPX,2025-12-11,2029-12-21,5950,PUT,SPX291221P05950000,447.39,6901.0
SPX,2026-01-05,2029-12-21,6200,CALL,SPX291221C06200000,1848.47,6902.05
SPX,2026-01-05,2029-12-21,6200,PUT,SPX291221P06200000,494.51,6902.05
SPX,2026-01-08,2029-12-21,6400,CALL,SPX291221C06400000,1751.54,6921.46
SPX,2026-01-08,2029-12-21,6400,PUT,SPX291221P06400000,540.33,6921.46
SPX,2026-01-06,2029-12-21,6700,CALL,SPX291221C06700000,1563,6944.82
SPX,2026-01-06,2029-12-21,6700,PUT,SPX291221P06700000,618.71,6944.82
SPX,2026-01-08,2029-12-21,6900,CALL,SPX291221C06900000,1447.79,6921.46
SPX,2026-01-08,2029-12-21,6900,PUT,SPX291221P06900000,675.03,6921.46
SPX,2026-01-09,2029-12-21,7000,PUT,SPX291221P07000000,695.92,6966.28
SPX,2025-12-30,2029-12-21,7200,PUT,SPX291221P07200000,762.79,6896.24
SPX,2025-12-04,2029-12-21,7400,PUT,SPX291221P07400000,850.02,6857.12
SPX,2025-12-26,2029-12-21,7500,PUT,SPX291221P07500000,846.85,6929.94
SPX,2026-01-06,2029-12-21,8000,PUT,SPX291221P08000000,1034,6944.82
SPX,2025-12-04,2029-12-21,8400,PUT,SPX291221P08400000,1237.31,6857.12
SPX,2024-06-24,2029-12-21,8600,PUT,SPX291221P08600000,1864.8,5447.87
SPX,2025-12-19,2029-12-21,9400,PUT,SPX291221P09400000,1774.62,6834.5
SPX,2025-12-02,2029-12-21,9600,PUT,SPX291221P09600000,1897.18,6829.37
SPX,2025-12-17,2029-12-21,11000,PUT,SPX291221P11000000,2992.23,6721.43
SPX,2026-01-08,2030-12-20,1200,PUT,SPX301220P01200000,9.8,6921.46
SPX,2025-10-29,2030-12-20,1600,CALL,SPX301220C01600000,5403.38,6890.59
SPX,2025-12-01,2030-12-20,2000,CALL,SPX301220C02000000,4980,6812.63
SPX,2025-12-22,2030-12-20,2000,PUT,SPX301220P02000000,32.37,6878.49
SPX,2025-10-15,2030-12-20,2600,CALL,SPX301220C02600000,4338.15,6671.06
SPX,2025-12-10,2030-12-20,2600,PUT,SPX301220P02600000,58.02,6886.68
SPX,2025-12-17,2030-12-20,2900,CALL,SPX301220C02900000,3759.5,6721.43
SPX,2025-12-24,2030-12-20,3000,PUT,SPX301220P03000000,78.51,6932.05
SPX,2025-12-17,2030-12-20,3100,CALL,SPX301220C03100000,3995.04,6721.43
SPX,2025-12-22,2030-12-20,3200,CALL,SPX301220C03200000,4063.59,6878.49
SPX,2026-01-09,2030-12-20,3400,CALL,SPX301220C03400000,4021.71,6966.28
SPX,2025-12-29,2030-12-20,3500,PUT,SPX301220P03500000,115,6905.74
SPX,2025-11-11,2030-12-20,3700,PUT,SPX301220P03700000,140,6846.61
SPX,2025-06-26,2030-12-20,3700,CALL,SPX301220C03700000,3066.69,6141.02
SPX,2025-11-05,2030-12-20,3800,PUT,SPX301220P03800000,150.08,6796.29
SPX,2025-07-22,2030-12-20,3800,CALL,SPX301220C03800000,3169.7,6309.62
SPX,2025-07-22,2030-12-20,4100,CALL,SPX301220C04100000,2962.3,6309.62
SPX,2025-09-19,2030-12-20,4300,CALL,SPX301220C04300000,3135.55,6664.36
SPX,2025-09-24,2030-12-20,4500,CALL,SPX301220C04500000,3143.2,6637.97
SPX,2025-12-15,2030-12-20,4600,PUT,SPX301220P04600000,237.64,6816.51
SPX,2026-01-02,2030-12-20,4900,PUT,SPX301220P04900000,277,6858.47
SPX,2025-12-29,2030-12-20,4900,CALL,SPX301220C04900000,2885.02,6905.74
SPX,2026-01-05,2030-12-20,5100,CALL,SPX301220C05100000,2761.83,6902.05
SPX,2026-01-05,2030-12-20,5100,PUT,SPX301220P05100000,303.38,6902.05
SPX,2025-12-23,2030-12-20,5300,CALL,SPX301220C05300000,2633.14,6909.79
SPX,2025-12-23,2030-12-20,5300,PUT,SPX301220P05300000,336.7,6909.79
SPX,2025-12-22,2030-12-20,5600,CALL,SPX301220C05600000,2385.81,6878.49
SPX,2025-12-22,2030-12-20,5600,PUT,SPX301220P05600000,401.18,6878.49
SPX,2025-12-10,2030-12-20,5800,CALL,SPX301220C05800000,2332.77,6886.68
SPX,2025-12-10,2030-12-20,5800,PUT,SPX301220P05800000,443.93,6886.68
SPX,2026-01-09,2030-12-20,6000,CALL,SPX301220C06000000,2243.53,6966.28
SPX,2026-01-09,2030-12-20,6000,PUT,SPX301220P06000000,468.42,6966.28
SPX,2025-12-24,2030-12-20,6200,CALL,SPX301220C06200000,2086.05,6932.05
SPX,2025-12-24,2030-12-20,6200,PUT,SPX301220P06200000,527.61,6932.05
SPX,2025-12-18,2030-12-20,6300,CALL,SPX301220C06300000,2029.59,6774.76
SPX,2025-12-18,2030-12-20,6300,PUT,SPX301220P06300000,550.04,6774.76
SPX,2026-01-05,2030-12-20,6600,CALL,SPX301220C06600000,1844.74,6902.05
SPX,2026-01-05,2030-12-20,6600,PUT,SPX301220P06600000,626.54,6902.05
SPX,2025-12-30,2030-12-20,6800,CALL,SPX301220C06800000,1729.28,6896.24
SPX,2026-01-07,2030-12-20,6800,PUT,SPX301220P06800000,667.83,6920.93
SPX,2026-01-07,2030-12-20,6900,PUT,SPX301220P06900000,720,6920.93
SPX,2026-01-08,2030-12-20,6900,CALL,SPX301220C06900000,1706,6921.46
SPX,2025-12-18,2030-12-20,7300,PUT,SPX301220P07300000,870.96,6774.76
SPX,2025-12-29,2030-12-20,7500,PUT,SPX301220P07500000,896.1,6905.74
SPX,2025-10-07,2030-12-20,7800,PUT,SPX301220P07800000,1014.24,6714.59
SPX,2026-01-06,2030-12-20,8000,PUT,SPX301220P08000000,1040.46,6944.82
SPX,2025-12-19,2030-12-20,9000,PUT,SPX301220P09000000,1486.18,6834.5
SPX,2025-11-04,2030-12-20,9200,PUT,SPX301220P09200000,1575.27,6771.55
SPX,2025-08-12,2030-12-20,9400,PUT,SPX301220P09400000,1846.93,6445.76
SPX,2025-11-25,2030-12-20,9800,PUT,SPX301220P09800000,1988.5,6765.88
SPX,2026-01-09,2031-12-19,2000,CALL,SPX311219C02000000,5151.64,6966.28
SPX,2026-01-07,2031-12-19,2000,PUT,SPX311219P02000000,39.8,6920.93
SPX,2026-01-09,2031-12-19,2400,PUT,SPX311219P02400000,55.5,6966.28
SPX,2025-12-26,2031-12-19,3600,PUT,SPX311219P03600000,135,6929.94
SPX,2026-01-08,2031-12-19,4000,CALL,SPX311219C04000000,3642.02,6921.46
SPX,2026-01-08,2031-12-19,4000,PUT,SPX311219P04000000,181.19,6921.46
SPX,2026-01-02,2031-12-19,4800,PUT,SPX311219P04800000,283.8,6858.47
SPX,2026-01-02,2031-12-19,5200,PUT,SPX311219P05200000,350.12,6858.47
SPX,2026-01-09,2031-12-19,5600,PUT,SPX311219P05600000,415,6966.28
SPX,2026-01-09,2031-12-19,6000,CALL,SPX311219C06000000,2381.87,6966.28
SPX,2026-01-09,2031-12-19,6000,PUT,SPX311219P06000000,511.72,6966.28
SPX,2026-01-08,2031-12-19,6400,CALL,SPX311219C06400000,2193.17,6921.46
SPX,2026-01-08,2031-12-19,6400,PUT,SPX311219P06400000,604.39,6921.46
SPX,2026-01-08,2031-12-19,6800,CALL,SPX311219C06800000,1977.16,6921.46
SPX,2026-01-08,2031-12-19,6800,PUT,SPX311219P06800000,708.19,6921.46
SPX,2026-01-08,2031-12-19,7200,CALL,SPX311219C07200000,1774.86,6921.46
SPX,2026-01-08,2031-12-19,7200,PUT,SPX311219P07200000,817.58,6921.46
SPX,2026-01-08,2031-12-19,7600,CALL,SPX311219C07600000,1567.7,6921.46
SPX,2026-01-08,2031-12-19,7600,PUT,SPX311219P07600000,936.94,6921.46
SPX,2026-01-09,2031-12-19,8000,CALL,SPX311219C08000000,1411.22,6966.28
SPX,2026-01-09,2031-12-19,8000,PUT,SPX311219P08000000,1039.24,6966.28
SPX,2026-01-09,2031-12-19,8400,CALL,SPX311219C08400000,1225.8,6966.28
SPX,2026-01-08,2031-12-19,10000,CALL,SPX311219C10000000,610.9,6921.46
SPX,2025-12-30,2031-12-19,11200,CALL,SPX311219C11200000,317.83,6896.24
SPX,2026-01-06,2031-12-19,11600,CALL,SPX311219C11600000,267.58,6944.82
SPX,2026-01-09,2031-12-19,12000,CALL,SPX311219C12000000,225.84,6966.28
SPX,2026-01-09,2031-12-19,12000,PUT,SPX311219P12000000,2985.2,6966.28
