Ticker,Name,FIGI,ISIN
MMM,3M CO,BBG000BP52R2,BBG000BP52R2
AOS,SMITH (A.O.) CORP,BBG000BC1L02,BBG000BC1L02
ABT,ABBOTT LABORATORIES,BBG000B9ZXB4,BBG000B9ZXB4
ABBV,ABBVIE INC,BBG0025Y4RY4,BBG0025Y4RY4
ACN,ACCENTURE PLC-CL A,BBG000D9D830,BBG000D9D830
ADBE,ADOBE INC,BBG000BB5006,BBG000BB5006
AMD,ADVANCED MICRO DEVICES,BBG000BBQCY0,BBG000BBQCY0
AES,AES CORP,BBG000C23KJ3,BBG000C23KJ3
AFL,AFLAC INC,BBG000BBBNC6,BBG000BBBNC6
A,AGILENT TECHNOLOGIES INC,BBG000C2V3D6,BBG000C2V3D6
APD,AIR PRODUCTS & CHEMICALS INC,BBG000BC4JJ4,BBG000BC4JJ4
ABNB,AIRBNB INC-CLASS A,BBG001Y2XS07,BBG001Y2XS07
AKAM,AKAMAI TECHNOLOGIES INC,BBG000BJQWD2,BBG000BJQWD2
ALB,ALBEMARLE CORP,BBG000BJ26K7,BBG000BJ26K7
ARE,ALEXANDRIA REAL ESTATE EQUIT,BBG000BC33T9,BBG000BC33T9
ALGN,ALIGN TECHNOLOGY INC,BBG000BRNLL2,BBG000BRNLL2
ALLE,ALLEGION PLC,BBG003PS7JV1,BBG003PS7JV1
LNT,ALLIANT ENERGY CORP,BBG000DW4Q75,BBG000DW4Q75
ALL,ALLSTATE CORP,BBG000BVMGF2,BBG000BVMGF2
GOOGL,ALPHABET INC-CL A,BBG009S39JX6,BBG009S39JX6
GOOG,ALPHABET INC-CL C,BBG009S3NB30,BBG009S3NB30
MO,ALTRIA GROUP INC,BBG000BP6LJ8,BBG000BP6LJ8
AMZN,AMAZON.COM INC,BBG000BVPV84,BBG000BVPV84
AMCR,AMCOR PLC,BBG00LNJRQ09,BBG00LNJRQ09
AEE,AMEREN CORPORATION,BBG000B9X8C0,BBG000B9X8C0
AEP,AMERICAN ELECTRIC POWER,BBG000BB9KF2,BBG000BB9KF2
AXP,AMERICAN EXPRESS CO,BBG000BCQZS4,BBG000BCQZS4
AIG,AMERICAN INTERNATIONAL GROUP,BBG000BBDZG3,BBG000BBDZG3
AMT,AMERICAN TOWER CORP,BBG000B9XYV2,BBG000B9XYV2
AWK,AMERICAN WATER WORKS CO INC,BBG000TRJ294,BBG000TRJ294
AMP,AMERIPRISE FINANCIAL INC,BBG000G3QLY3,BBG000G3QLY3
AME,AMETEK INC,BBG000B9XG87,BBG000B9XG87
AMGN,AMGEN INC,BBG000BBS2Y0,BBG000BBS2Y0
APH,AMPHENOL CORP-CL A,BBG000B9YJ35,BBG000B9YJ35
ADI,ANALOG DEVICES INC,BBG000BB6G37,BBG000BB6G37
AON,AON PLC-CLASS A,BBG00SSQFPK6,BBG00SSQFPK6
APA,APA CORP,BBG00YTS96G2,BBG00YTS96G2
APO,APOLLO GLOBAL MANAGEMENT INC,BBG00ZNLTFK3,BBG00ZNLTFK3
AAPL,APPLE INC,BBG000B9XRY4,BBG000B9XRY4
AMAT,APPLIED MATERIALS INC,BBG000BBPFB9,BBG000BBPFB9
APP,APPLOVIN CORP-CLASS A,BBG006HFPX77,BBG006HFPX77
APTV,APTIV PLC,BBG01R914LT5,BBG01R914LT5
ACGL,ARCH CAPITAL GROUP LTD,BBG000HXNN20,BBG000HXNN20
ADM,ARCHER-DANIELS-MIDLAND CO,BBG000BB6WG8,BBG000BB6WG8
ARES,ARES MANAGEMENT CORP - A,BBG0068KVV91,BBG0068KVV91
ANET,ARISTA NETWORKS INC,BBG000N2HDY5,BBG000N2HDY5
AJG,ARTHUR J GALLAGHER & CO,BBG000BBHXQ3,BBG000BBHXQ3
AIZ,ASSURANT INC,BBG000BZX1N5,BBG000BZX1N5
T,AT&T INC,BBG000BSJK37,BBG000BSJK37
ATO,ATMOS ENERGY CORP,BBG000BRNGM2,BBG000BRNGM2
ADSK,AUTODESK INC,BBG000BM7HL0,BBG000BM7HL0
ADP,AUTOMATIC DATA PROCESSING,BBG000JG0547,BBG000JG0547
AZO,AUTOZONE INC,BBG000C7LMS8,BBG000C7LMS8
AVB,,,
AVY,AVERY DENNISON CORP,BBG000BCQ4P6,BBG000BCQ4P6
AXON,AXON ENTERPRISE INC,BBG000BHJWG1,BBG000BHJWG1
BKR,BAKER HUGHES CO,BBG00GBVBK51,BBG00GBVBK51
BALL,BALL CORP,BBG000BDDNH5,BBG000BDDNH5
BAC,BANK OF AMERICA CORP,BBG000BCTLF6,BBG000BCTLF6
BAX,BAXTER INTERNATIONAL INC,BBG000BCVJ77,BBG000BCVJ77
BDX,BECTON DICKINSON AND CO,BBG000BCZYD3,BBG000BCZYD3
BRK.B,,,
BBY,BEST BUY CO INC,BBG000BCWCG1,BBG000BCWCG1
TECH,BIO-TECHNE CORP,BBG000C15114,BBG000C15114
BIIB,BIOGEN INC,BBG000C17X76,BBG000C17X76
BLK,BLACKROCK INC,BBG01PSW2WN4,BBG01PSW2WN4
BX,BLACKSTONE INC,BBG000BH0106,BBG000BH0106
XYZ,BLOCK INC,BBG0018SLC07,BBG0018SLC07
BNY,BANK OF NEW YORK MELLON CORP,BBG000BD8PN9,BBG000BD8PN9
BA,BOEING CO/THE,BBG000BCSST7,BBG000BCSST7
BKNG,BOOKING HOLDINGS INC,BBG000BLBVN4,BBG000BLBVN4
BSX,BOSTON SCIENTIFIC CORP,BBG000C0LW92,BBG000C0LW92
BMY,BRISTOL-MYERS SQUIBB CO,BBG000DQLV23,BBG000DQLV23
AVGO,BROADCOM INC,BBG00KHY5S69,BBG00KHY5S69
BR,BROADRIDGE FINANCIAL SOLUTIO,BBG000PPFKQ7,BBG000PPFKQ7
BRO,BROWN & BROWN INC,BBG000BWSGF4,BBG000BWSGF4
BF.B,,,
BLDR,BUILDERS FIRSTSOURCE INC,BBG000BKD3K9,BBG000BKD3K9
BG,BUNGE GLOBAL SA,BBG01JZ8VL91,BBG01JZ8VL91
BXP,BXP INC,BBG000BS5CM9,BBG000BS5CM9
CHRW,C.H. ROBINSON WORLDWIDE INC,BBG000BTCH57,BBG000BTCH57
CDNS,CADENCE DESIGN SYS INC,BBG000C13CD9,BBG000C13CD9
CPT,CAMDEN PROPERTY TRUST,BBG000BB0V03,BBG000BB0V03
CPB,THE CAMPBELL'S COMPANY,BBG000BG4202,BBG000BG4202
COF,CAPITAL ONE FINANCIAL CORP,BBG000BGKTF9,BBG000BGKTF9
CAH,CARDINAL HEALTH INC,BBG000D898T9,BBG000D898T9
CCL,CARNIVAL CORP LTD,BBG000BF6LY3,BBG000BF6LY3
CARR,CARRIER GLOBAL CORP,BBG00RP5HYS8,BBG00RP5HYS8
CVNA,CARVANA CO,BBG00GCTWDJ3,BBG00GCTWDJ3
CASY,CASEY'S GENERAL STORES INC,BBG000BF0672,BBG000BF0672
CAT,CATERPILLAR INC,BBG000BF0K17,BBG000BF0K17
CBOE,CBOE GLOBAL MARKETS INC,BBG000QH56C1,BBG000QH56C1
CBRE,CBRE GROUP INC - A,BBG000C04224,BBG000C04224
CDW,CDW CORP/DE,BBG001P63B80,BBG001P63B80
COR,CENCORA INC,BBG000MDCQC2,BBG000MDCQC2
CNC,CENTENE CORP,BBG000BDXCJ5,BBG000BDXCJ5
CNP,CENTERPOINT ENERGY INC,BBG000FDBX90,BBG000FDBX90
CF,CF INDUSTRIES HOLDINGS INC,BBG000BWJFZ4,BBG000BWJFZ4
CRL,CHARLES RIVER LABORATORIES,BBG000BG5BL8,BBG000BG5BL8
SCHW,SCHWAB (CHARLES) CORP,BBG000BSLZY7,BBG000BSLZY7
CHTR,CHARTER COMMUNICATIONS INC-A,BBG000VPGNR2,BBG000VPGNR2
CVX,CHEVRON CORP,BBG000K4ND22,BBG000K4ND22
CMG,CHIPOTLE MEXICAN GRILL INC,BBG000QX74T1,BBG000QX74T1
CB,CHUBB LTD,BBG000BR14K5,BBG000BR14K5
CHD,CHURCH & DWIGHT CO INC,BBG000BFJT36,BBG000BFJT36
CIEN,CIENA CORP,BBG000BP1152,BBG000BP1152
CI,THE CIGNA GROUP,BBG00KXRCDP0,BBG00KXRCDP0
CINF,CINCINNATI FINANCIAL CORP,BBG000BFPK65,BBG000BFPK65
CTAS,CINTAS CORP,BBG000H3YXF8,BBG000H3YXF8
CSCO,CISCO SYSTEMS INC,BBG000C3J3C9,BBG000C3J3C9
C,CITIGROUP INC,BBG000FY4S11,BBG000FY4S11
CFG,CITIZENS FINANCIAL GROUP,BBG006Q0HY77,BBG006Q0HY77
CLX,CLOROX COMPANY,BBG000BFS7D3,BBG000BFS7D3
CME,CME GROUP INC,BBG000BHLYP4,BBG000BHLYP4
CMS,CMS ENERGY CORP,BBG000BFVXX0,BBG000BFVXX0
KO,COCA-COLA CO/THE,BBG000BMX289,BBG000BMX289
CTSH,COGNIZANT TECH SOLUTIONS-A,BBG000BBDV81,BBG000BBDV81
COHR,COHERENT CORP,BBG000BLW102,BBG000BLW102
COIN,COINBASE GLOBAL INC -CLASS A,BBG00ZGF7771,BBG00ZGF7771
CL,COLGATE-PALMOLIVE CO,BBG000BFQYY3,BBG000BFQYY3
CMCSA,COMCAST CORP-CLASS A,BBG000BFT2L4,BBG000BFT2L4
FIX,COMFORT SYSTEMS USA INC,BBG000BWN2Y9,BBG000BWN2Y9
CAG,CONAGRA BRANDS INC,BBG000BDXGP9,BBG000BDXGP9
COP,CONOCOPHILLIPS,BBG000BQQH30,BBG000BQQH30
ED,CONSOLIDATED EDISON INC,BBG000BHLYS1,BBG000BHLYS1
STZ,CONSTELLATION BRANDS INC-A,BBG000J1QLT0,BBG000J1QLT0
CEG,CONSTELLATION ENERGY,BBG014KFRNP7,BBG014KFRNP7
COO,COOPER COS INC/THE,BBG000BG3445,BBG000BG3445
CPRT,COPART INC,BBG000BM9RH1,BBG000BM9RH1
GLW,CORNING INC,BBG000BKFZM4,BBG000BKFZM4
CPAY,CORPAY INC,BBG000GPXKX9,BBG000GPXKX9
CTVA,CORTEVA INC,BBG00BN969C1,BBG00BN969C1
CSGP,COSTAR GROUP INC,BBG000D7JKW9,BBG000D7JKW9
COST,COSTCO WHOLESALE CORP,BBG000F6H8W8,BBG000F6H8W8
CRH,CRH PLC,BBG000D3JXM1,BBG000D3JXM1
CRWD,CROWDSTRIKE HOLDINGS INC - A,BBG00BLYKS03,BBG00BLYKS03
CCI,CROWN CASTLE INC,BBG000FV1Z23,BBG000FV1Z23
CSX,CSX CORP,BBG000BGJRC8,BBG000BGJRC8
CMI,CUMMINS INC,BBG000BGPTV6,BBG000BGPTV6
CVS,CVS HEALTH CORP,BBG000BGRY34,BBG000BGRY34
DHR,DANAHER CORP,BBG000BH3JF8,BBG000BH3JF8
DRI,DARDEN RESTAURANTS INC,BBG000BBNYF6,BBG000BBNYF6
DDOG,DATADOG INC - CLASS A,BBG003NJHZT9,BBG003NJHZT9
DVA,DAVITA INC,BBG000MQ1SN9,BBG000MQ1SN9
DECK,DECKERS OUTDOOR CORP,BBG000BKXYX5,BBG000BKXYX5
DE,DEERE & CO,BBG000BH1NH9,BBG000BH1NH9
DELL,DELL TECHNOLOGIES -C,BBG00DW3SZS1,BBG00DW3SZS1
DAL,DELTA AIR LINES INC,BBG000R7Z112,BBG000R7Z112
DVN,DEVON ENERGY CORP,BBG000BBVJZ8,BBG000BBVJZ8
DXCM,DEXCOM INC,BBG000QTF8K1,BBG000QTF8K1
FANG,DIAMONDBACK ENERGY INC,BBG002PHSYX9,BBG002PHSYX9
DLR,DIGITAL REALTY TRUST INC,BBG000Q5ZRM7,BBG000Q5ZRM7
DG,DOLLAR GENERAL CORP,BBG000NV1KK7,BBG000NV1KK7
DLTR,DOLLAR TREE INC,BBG000BSC0K9,BBG000BSC0K9
D,DOMINION ENERGY INC,BBG000BGVW60,BBG000BGVW60
DPZ,DOMINO'S PIZZA INC,BBG000P458P3,BBG000P458P3
DASH,DOORDASH INC - A,BBG005D7QCJ3,BBG005D7QCJ3
DOV,DOVER CORP,BBG000BHB3M6,BBG000BHB3M6
DOW,DOW INC,BBG00BN96922,BBG00BN96922
DHI,DR HORTON INC,BBG000DQTXY6,BBG000DQTXY6
DTE,DTE ENERGY COMPANY,BBG000BB29X4,BBG000BB29X4
DUK,DUKE ENERGY CORP,BBG000BHGDH5,BBG000BHGDH5
DD,DUPONT DE NEMOURS INC,BBG00BN961G4,BBG00BN961G4
ETN,EATON CORP PLC,BBG000BJ3PD2,BBG000BJ3PD2
EBAY,EBAY INC,BBG000C43RR5,BBG000C43RR5
SATS,,,
ECL,ECOLAB INC,BBG000BHKYH4,BBG000BHKYH4
EIX,EDISON INTERNATIONAL,BBG000D7RKJ5,BBG000D7RKJ5
EW,EDWARDS LIFESCIENCES CORP,BBG000BRXP69,BBG000BRXP69
EA,,,
ELV,ELEVANCE HEALTH INC,BBG000BCG930,BBG000BCG930
EME,EMCOR GROUP INC,BBG000BBRPL4,BBG000BBRPL4
EMR,EMERSON ELECTRIC CO,BBG000BHX7N2,BBG000BHX7N2
ETR,ENTERGY CORP,BBG000C1FQS9,BBG000C1FQS9
EOG,EOG RESOURCES INC,BBG000BZ9223,BBG000BZ9223
EPAM,EPAM SYSTEMS INC,BBG000MHTV89,BBG000MHTV89
EQT,EQT CORP,BBG000BHZ5J9,BBG000BHZ5J9
EFX,EQUIFAX INC,BBG000BHPL78,BBG000BHPL78
EQIX,EQUINIX INC,BBG000MBDGM6,BBG000MBDGM6
EQR,,,
ERIE,ERIE INDEMNITY COMPANY-CL A,BBG000BBTJZ1,BBG000BBTJZ1
ESS,ESSEX PROPERTY TRUST INC,BBG000CGJMB9,BBG000CGJMB9
EL,ESTEE LAUDER COMPANIES-CL A,BBG000FKJRC5,BBG000FKJRC5
EG,EVEREST GROUP LTD,BBG000C1XVK6,BBG000C1XVK6
EVRG,EVERGY INC,BBG00H433CR2,BBG00H433CR2
ES,EVERSOURCE ENERGY,BBG000BQ87N0,BBG000BQ87N0
EXC,EXELON CORP,BBG000J6XT05,BBG000J6XT05
EXE,EXPAND ENERGY CORP,BBG00Z6DX554,BBG00Z6DX554
EXPE,EXPEDIA GROUP INC,BBG000QY3XZ2,BBG000QY3XZ2
EXPD,EXPEDITORS INTL WASH INC,BBG000BJ5GK2,BBG000BJ5GK2
EXR,EXTRA SPACE STORAGE INC,BBG000PV27K3,BBG000PV27K3
XOM,EXXONMOBIL HOLDINGS CORP,BBG023CY9MM1,BBG023CY9MM1
FFIV,F5 INC,BBG000CXYSZ6,BBG000CXYSZ6
FDS,FACTSET RESEARCH SYSTEMS INC,BBG000BDJL83,BBG000BDJL83
FICO,FAIR ISAAC CORP,BBG000DW76Y6,BBG000DW76Y6
FAST,FASTENAL CO,BBG000BJ8YN7,BBG000BJ8YN7
FRT,FEDERAL REALTY INVS TRUST,BBG000BJVN28,BBG000BJVN28
FDX,FEDEX CORP,BBG000BJF1Z8,BBG000BJF1Z8
FIS,FIDELITY NATIONAL INFO SERV,BBG000BK2F42,BBG000BK2F42
FITB,FIFTH THIRD BANCORP,BBG000BJL3N0,BBG000BJL3N0
FSLR,FIRST SOLAR INC,BBG000BFL116,BBG000BFL116
FE,FIRSTENERGY CORP,BBG000BB6M98,BBG000BB6M98
FISV,FISERV INC,BBG000BJKPG0,BBG000BJKPG0
F,FORD MOTOR CO,BBG000BQPC32,BBG000BQPC32
FTNT,FORTINET INC,BBG000BCMBG4,BBG000BCMBG4
FTV,FORTIVE CORP,BBG00BLVZ228,BBG00BLVZ228
FOXA,FOX CORP - CLASS A,BBG00JHNJW99,BBG00JHNJW99
FOX,FOX CORP - CLASS B,BBG00JHNKJY8,BBG00JHNKJY8
BEN,FRANKLIN TEMPLETON INC,BBG000BD0TF8,BBG000BD0TF8
FCX,FREEPORT-MCMORAN INC,BBG000BJDB15,BBG000BJDB15
GRMN,GARMIN LTD,BBG000C4LN67,BBG000C4LN67
IT,GARTNER INC,BBG000BB65D0,BBG000BB65D0
GE,GENERAL ELECTRIC,BBG000BK6MB5,BBG000BK6MB5
GEHC,GE HEALTHCARE TECHNOLOGY,BBG01BFR8YV1,BBG01BFR8YV1
GEV,GE VERNOVA INC,BBG013G17W31,BBG013G17W31
GEN,GEN DIGITAL INC,BBG000BH2JM1,BBG000BH2JM1
GNRC,GENERAC HOLDINGS INC,BBG000PQ4W72,BBG000PQ4W72
GD,GENERAL DYNAMICS CORP,BBG000BK67C7,BBG000BK67C7
GIS,GENERAL MILLS INC,BBG000BKCFC2,BBG000BKCFC2
GM,GENERAL MOTORS CO,BBG000NDYB67,BBG000NDYB67
GPC,GENUINE PARTS CO,BBG000BKL348,BBG000BKL348
GILD,GILEAD SCIENCES INC,BBG000CKGBP2,BBG000CKGBP2
GPN,GLOBAL PAYMENTS INC,BBG000CX0P89,BBG000CX0P89
GL,GLOBE LIFE INC,BBG000BVD6X4,BBG000BVD6X4
GDDY,GODADDY INC - CLASS A,BBG006MDLY05,BBG006MDLY05
GS,GOLDMAN SACHS GROUP INC,BBG000C6CFJ5,BBG000C6CFJ5
HAL,HALLIBURTON CO,BBG000BKTFN2,BBG000BKTFN2
HIG,HARTFORD INSURANCE GROUP INC,BBG000G0Z878,BBG000G0Z878
HAS,HASBRO INC,BBG000BKVJK4,BBG000BKVJK4
HCA,HCA HEALTHCARE INC,BBG000QW7VC1,BBG000QW7VC1
DOC,HEALTHPEAK PROPERTIES INC,BBG000BKYDP9,BBG000BKYDP9
HSIC,HENRY SCHEIN INC,BBG000BNMMJ3,BBG000BNMMJ3
HSY,HERSHEY CO/THE,BBG000BLHRS2,BBG000BLHRS2
HPE,HEWLETT PACKARD ENTERPRISE,BBG0078W3NQ3,BBG0078W3NQ3
HLT,HILTON WORLDWIDE HOLDINGS IN,BBG0058KMH30,BBG0058KMH30
HD,HOME DEPOT INC,BBG000BKZB36,BBG000BKZB36
HON,HONEYWELL INTERNATIONAL INC,BBG000H556T9,BBG000H556T9
HRL,HORMEL FOODS CORP,BBG000BLF8D2,BBG000BLF8D2
HST,HOST HOTELS & RESORTS INC,BBG000BL8804,BBG000BL8804
HWM,HOWMET AEROSPACE INC,BBG00DYNJGH9,BBG00DYNJGH9
HPQ,HP INC,BBG000KHWT55,BBG000KHWT55
HUBB,HUBBELL INC,BBG000BLK267,BBG000BLK267
HUM,HUMANA INC,BBG000BLKK03,BBG000BLKK03
HBAN,HUNTINGTON BANCSHARES INC,BBG000BKWSR6,BBG000BKWSR6
HII,HUNTINGTON INGALLS INDUSTRIE,BBG001KJ2HM9,BBG001KJ2HM9
IBM,INTL BUSINESS MACHINES CORP,BBG000BLNNH6,BBG000BLNNH6
IEX,IDEX CORP,BBG000C1HN22,BBG000C1HN22
IDXX,IDEXX LABORATORIES INC,BBG000BLRT07,BBG000BLRT07
ITW,ILLINOIS TOOL WORKS,BBG000BMBL90,BBG000BMBL90
INCY,INCYTE CORP,BBG000BNPSQ9,BBG000BNPSQ9
IR,INGERSOLL-RAND INC,BBG002R1CW27,BBG002R1CW27
PODD,INSULET CORP,BBG000R7XX87,BBG000R7XX87
INTC,INTEL CORP,BBG000C0G1D1,BBG000C0G1D1
IBKR,INTERACTIVE BROKERS GRO-CL A,BBG000LV0836,BBG000LV0836
ICE,INTERCONTINENTAL EXCHANGE IN,BBG000C1FB75,BBG000C1FB75
IFF,INTL FLAVORS & FRAGRANCES,BBG000BLSL58,BBG000BLSL58
IP,INTERNATIONAL PAPER CO,BBG000BM5SR2,BBG000BM5SR2
INTU,INTUIT INC,BBG000BH5DV1,BBG000BH5DV1
ISRG,INTUITIVE SURGICAL INC,BBG000BJPDZ1,BBG000BJPDZ1
IVZ,INVESCO LTD,BBG000BY2Y78,BBG000BY2Y78
INVH,INVITATION HOMES INC,BBG00FQH6BS9,BBG00FQH6BS9
IQV,IQVIA HOLDINGS INC,BBG00333FYS2,BBG00333FYS2
IRM,IRON MOUNTAIN INC,BBG000KCZPC3,BBG000KCZPC3
JBHT,HUNT (JB) TRANSPRT SVCS INC,BBG000BMDBZ1,BBG000BMDBZ1
JBL,JABIL INC,BBG000BJNGN9,BBG000BJNGN9
JKHY,JACK HENRY & ASSOCIATES INC,BBG000BMH2Q7,BBG000BMH2Q7
J,JACOBS SOLUTIONS INC,BBG019C1BQR4,BBG019C1BQR4
JNJ,JOHNSON & JOHNSON,BBG000BMHYD1,BBG000BMHYD1
JCI,JOHNSON CONTROLS INTERNATION,BBG000BVWLJ6,BBG000BVWLJ6
JPM,JPMORGAN CHASE & CO,BBG000DMBXR2,BBG000DMBXR2
KVUE,KENVUE INC,BBG01C79X561,BBG01C79X561
KDP,KEURIG DR PEPPER INC,BBG000TJM7F0,BBG000TJM7F0
KEY,KEYCORP,BBG000BMQPL1,BBG000BMQPL1
KEYS,KEYSIGHT TECHNOLOGIES IN,BBG0059FN811,BBG0059FN811
KMB,KIMBERLY-CLARK CORP,BBG000BMW2Z0,BBG000BMW2Z0
KIM,KIMCO REALTY CORP,BBG000CN3S73,BBG000CN3S73
KMI,KINDER MORGAN INC,BBG0019JZ882,BBG0019JZ882
KKR,KKR & CO INC,BBG000BCQ6J8,BBG000BCQ6J8
KLAC,KLA CORP,BBG000BMTFR4,BBG000BMTFR4
KHC,KRAFT HEINZ CO/THE,BBG005CPNTQ2,BBG005CPNTQ2
KR,KROGER CO,BBG000BMY992,BBG000BMY992
LHX,L3HARRIS TECHNOLOGIES INC,BBG000BLGFJ9,BBG000BLGFJ9
LH,LABCORP HOLDINGS INC,BBG01MMT6PL7,BBG01MMT6PL7
LRCX,LAM RESEARCH CORP,BBG000BNFLM9,BBG000BNFLM9
LVS,LAS VEGAS SANDS CORP,BBG000JWD753,BBG000JWD753
LDOS,LEIDOS HOLDINGS INC,BBG000C23PB0,BBG000C23PB0
LEN,LENNAR CORP-A,BBG000BN5HF7,BBG000BN5HF7
LII,LENNOX INTERNATIONAL INC,BBG000BB5B84,BBG000BB5B84
LLY,ELI LILLY & CO,BBG000BNBDC2,BBG000BNBDC2
LIN,LINDE PLC,BBG01FND0CC1,BBG01FND0CC1
LYV,LIVE NATION ENTERTAINMENT IN,BBG000FQ7YR4,BBG000FQ7YR4
LMT,LOCKHEED MARTIN CORP,BBG000C1BW00,BBG000C1BW00
L,LOEWS CORP,BBG000C45984,BBG000C45984
LOW,LOWE'S COS INC,BBG000BNDN65,BBG000BNDN65
LULU,LULULEMON ATHLETICA INC,BBG000R8ZVD1,BBG000R8ZVD1
LITE,LUMENTUM HOLDINGS INC,BBG0073F9RT7,BBG0073F9RT7
LYB,LYONDELLBASELL INDU-CL A,BBG000WCFV84,BBG000WCFV84
MTB,M & T BANK CORP,BBG000D9KWL9,BBG000D9KWL9
MPC,MARATHON PETROLEUM CORP,BBG001DCCGR8,BBG001DCCGR8
MAR,MARRIOTT INTERNATIONAL -CL A,BBG000BGD7W6,BBG000BGD7W6
MRSH,MARSH & MCLENNAN COS,BBG000BP4MH0,BBG000BP4MH0
MLM,MARTIN MARIETTA MATERIALS,BBG000BGYMH7,BBG000BGYMH7
MAS,MASCO CORP,BBG000BNNKG9,BBG000BNNKG9
MA,MASTERCARD INC - A,BBG000F1ZSQ2,BBG000F1ZSQ2
MKC,MCCORMICK & CO-NON VTG SHRS,BBG000G6Y5W4,BBG000G6Y5W4
MCD,MCDONALD'S CORP,BBG000BNSZP1,BBG000BNSZP1
MCK,MCKESSON CORP,BBG000DYGNW7,BBG000DYGNW7
MDT,MEDTRONIC PLC,BBG000BNWG87,BBG000BNWG87
MRK,MERCK & CO. INC.,BBG000BPD168,BBG000BPD168
META,META PLATFORMS INC-CLASS A,BBG000MM2P62,BBG000MM2P62
MET,METLIFE INC,BBG000BB6KF5,BBG000BB6KF5
MTD,METTLER-TOLEDO INTERNATIONAL,BBG000BZCKH3,BBG000BZCKH3
MGM,MGM RESORTS INTERNATIONAL,BBG000C2BXK4,BBG000C2BXK4
MCHP,MICROCHIP TECHNOLOGY INC,BBG000BHCP19,BBG000BHCP19
MU,MICRON TECHNOLOGY INC,BBG000C5Z1S3,BBG000C5Z1S3
MSFT,MICROSOFT CORP,BBG000BPH459,BBG000BPH459
MAA,MID-AMERICA APARTMENT COMM,BBG000BLMY92,BBG000BLMY92
MRNA,MODERNA INC,BBG003PHHZT1,BBG003PHHZT1
TAP,MOLSON COORS BEVERAGE CO - B,BBG000BS7KS3,BBG000BS7KS3
MDLZ,MONDELEZ INTERNATIONAL INC-A,BBG000D4LWF6,BBG000D4LWF6
MPWR,MONOLITHIC POWER SYSTEMS INC,BBG000C30L48,BBG000C30L48
MNST,MONSTER BEVERAGE CORP,BBG008NVB1C0,BBG008NVB1C0
MCO,MOODY'S CORP,BBG000F86GP6,BBG000F86GP6
MS,MORGAN STANLEY,BBG000BLZRJ2,BBG000BLZRJ2
MOS,MOSAIC CO/THE,BBG000BFXHL6,BBG000BFXHL6
MSI,MOTOROLA SOLUTIONS INC,BBG000BP8Z50,BBG000BP8Z50
MSCI,MSCI INC,BBG000RTDY25,BBG000RTDY25
NDAQ,NASDAQ INC,BBG000F5VVB6,BBG000F5VVB6
NTAP,NETAPP INC,BBG000FP1N32,BBG000FP1N32
NFLX,NETFLIX INC,BBG000CL9VN6,BBG000CL9VN6
NEM,NEWMONT CORP,BBG000BPWXK1,BBG000BPWXK1
NWSA,NEWS CORP - CLASS A,BBG0035LY913,BBG0035LY913
NWS,NEWS CORP - CLASS B,BBG0035M2ZB7,BBG0035M2ZB7
NEE,NEXTERA ENERGY INC,BBG000BJSBJ0,BBG000BJSBJ0
NKE,NIKE INC -CL B,BBG000C5HS04,BBG000C5HS04
NI,NISOURCE INC,BBG000BPZBB6,BBG000BPZBB6
NDSN,NORDSON CORP,BBG000BPWGR1,BBG000BPWGR1
NSC,NORFOLK SOUTHERN CORP,BBG000BQ5DS5,BBG000BQ5DS5
NTRS,NORTHERN TRUST CORP,BBG000BQ74K1,BBG000BQ74K1
NOC,NORTHROP GRUMMAN CORP,BBG000BQ2C28,BBG000BQ2C28
NCLH,NORWEGIAN CRUISE LINE HOLDIN,BBG000BSRN78,BBG000BSRN78
NRG,NRG ENERGY INC,BBG000D8RG11,BBG000D8RG11
NUE,NUCOR CORP,BBG000BQ8KV2,BBG000BQ8KV2
NVDA,NVIDIA CORP,BBG000BBJQV0,BBG000BBJQV0
NVR,NVR INC,BBG000BQBYR3,BBG000BQBYR3
NXPI,NXP SEMICONDUCTORS NV,BBG000BND699,BBG000BND699
ORLY,O'REILLY AUTOMOTIVE INC,BBG000BGYWY6,BBG000BGYWY6
OXY,OCCIDENTAL PETROLEUM CORP,BBG000BQQ2S6,BBG000BQQ2S6
ODFL,OLD DOMINION FREIGHT LINE,BBG000CHSS88,BBG000CHSS88
OMC,OMNICOM GROUP,BBG000BS9489,BBG000BS9489
ON,ON SEMICONDUCTOR,BBG000DV7MX4,BBG000DV7MX4
OKE,ONEOK INC,BBG000BQHGR6,BBG000BQHGR6
ORCL,ORACLE CORP,BBG000BQLTW7,BBG000BQLTW7
OTIS,OTIS WORLDWIDE CORP,BBG00RP60KV0,BBG00RP60KV0
PCAR,PACCAR INC,BBG000BQVTF5,BBG000BQVTF5
PKG,PACKAGING CORP OF AMERICA,BBG000BB8SW7,BBG000BB8SW7
PLTR,PALANTIR TECHNOLOGIES INC-A,BBG000N7QR55,BBG000N7QR55
PANW,PALO ALTO NETWORKS INC,BBG0014GJCT9,BBG0014GJCT9
PSKY,PARAMOUNT SKYDANCE CL B,BBG01VS5NK99,BBG01VS5NK99
PH,PARKER HANNIFIN CORP,BBG000BR3KL6,BBG000BR3KL6
PAYX,PAYCHEX INC,BBG000BQSQ38,BBG000BQSQ38
PYPL,PAYPAL HOLDINGS INC,BBG0077VNXV6,BBG0077VNXV6
PNR,PENTAIR PLC,BBG000C221G9,BBG000C221G9
PEP,PEPSICO INC,BBG000DH7JK6,BBG000DH7JK6
PFE,PFIZER INC,BBG000BR2B91,BBG000BR2B91
PCG,P G & E CORP,BBG000BQWPC5,BBG000BQWPC5
PM,PHILIP MORRIS INTERNATIONAL,BBG000J2XL74,BBG000J2XL74
PSX,PHILLIPS 66,BBG00286S4N9,BBG00286S4N9
PNW,PINNACLE WEST CAPITAL,BBG000BRDSX5,BBG000BRDSX5
PNC,PNC FINANCIAL SERVICES GROUP,BBG000BRD0D8,BBG000BRD0D8
POOL,POOL CORP,BBG000BCVG28,BBG000BCVG28
PPG,PPG INDUSTRIES INC,BBG000BRJ809,BBG000BRJ809
PPL,PPL CORP,BBG000BRJL00,BBG000BRJL00
PFG,PRINCIPAL FINANCIAL GROUP,BBG000NSCNT7,BBG000NSCNT7
PG,PROCTER & GAMBLE CO/THE,BBG000BR2TH3,BBG000BR2TH3
PGR,PROGRESSIVE CORP,BBG000BR37X2,BBG000BR37X2
PLD,PROLOGIS INC,BBG000B9Z0J8,BBG000B9Z0J8
PRU,PRUDENTIAL FINANCIAL INC,BBG000HCJMF9,BBG000HCJMF9
PEG,PUBLIC SERVICE ENTERPRISE GP,BBG000BQZMH4,BBG000BQZMH4
PTC,PTC INC,BBG000C2VBB0,BBG000C2VBB0
PSA,PUBLIC STORAGE,BBG000BPPN67,BBG000BPPN67
PHM,PULTEGROUP INC,BBG000BR54L0,BBG000BR54L0
PWR,QUANTA SERVICES INC,BBG000BBL8V7,BBG000BBL8V7
QCOM,QUALCOMM INC,BBG000CGC1X8,BBG000CGC1X8
DGX,QUEST DIAGNOSTICS INC,BBG000BN84F3,BBG000BN84F3
Q,QNITY ELECTRONICS INC,BBG01TRL73S5,BBG01TRL73S5
RL,RALPH LAUREN CORP,BBG000BS0ZF1,BBG000BS0ZF1
RJF,RAYMOND JAMES FINANCIAL INC,BBG000BS73J1,BBG000BS73J1
RTX,RTX CORP,BBG000BW8S60,BBG000BW8S60
O,REALTY INCOME CORP,BBG000DHPN63,BBG000DHPN63
REG,REGENCY CENTERS CORP,BBG000BL46Q4,BBG000BL46Q4
REGN,REGENERON PHARMACEUTICALS,BBG000C734W3,BBG000C734W3
RF,REGIONS FINANCIAL CORP,BBG000Q3JN03,BBG000Q3JN03
RSG,REPUBLIC SERVICES INC,BBG000BPXVJ6,BBG000BPXVJ6
RMD,RESMED INC,BBG000L4M7F1,BBG000L4M7F1
RVTY,REVVITY INC,BBG000FXW512,BBG000FXW512
HOOD,ROBINHOOD MARKETS INC - A,BBG008NMBXN8,BBG008NMBXN8
ROK,ROCKWELL AUTOMATION INC,BBG000BBCDZ2,BBG000BBCDZ2
ROL,ROLLINS INC,BBG000BSBBP1,BBG000BSBBP1
ROP,ROPER TECHNOLOGIES INC,BBG000F1ZSN5,BBG000F1ZSN5
ROST,ROSS STORES INC,BBG000BSBZH7,BBG000BSBZH7
RCL,ROYAL CARIBBEAN CRUISES LTD,BBG000BB5792,BBG000BB5792
SPGI,S&P GLOBAL INC,BBG000BP1Q11,BBG000BP1Q11
CRM,SALESFORCE INC,BBG000BN2DC2,BBG000BN2DC2
SNDK,SANDISK CORP,BBG01R388JG1,BBG01R388JG1
SBAC,SBA COMMUNICATIONS CORP,BBG000D2M0Z7,BBG000D2M0Z7
SLB,SLB LTD,BBG000BT41Q8,BBG000BT41Q8
STX,SEAGATE TECHNOLOGY HOLDINGS,BBG0113JGQF0,BBG0113JGQF0
SRE,SEMPRA,BBG000C2ZCH8,BBG000C2ZCH8
NOW,SERVICENOW INC,BBG000M1R011,BBG000M1R011
SHW,SHERWIN-WILLIAMS CO/THE,BBG000BSXQV7,BBG000BSXQV7
SPG,SIMON PROPERTY GROUP INC,BBG000BJ2D31,BBG000BJ2D31
SWKS,SKYWORKS SOLUTIONS INC,BBG000KLB4Q1,BBG000KLB4Q1
SJM,JM SMUCKER CO/THE,BBG000BT1715,BBG000BT1715
SW,SMURFIT WESTROCK PLC,BBG01NK9ZXT4,BBG01NK9ZXT4
SNA,SNAP-ON INC,BBG000BT7JW9,BBG000BT7JW9
SOLV,SOLVENTUM CORP,BBG018YZH6T3,BBG018YZH6T3
SO,SOUTHERN CO/THE,BBG000BT9DW0,BBG000BT9DW0
LUV,SOUTHWEST AIRLINES CO,BBG000BNJHS8,BBG000BNJHS8
SWK,STANLEY BLACK & DECKER INC,BBG000BTQR96,BBG000BTQR96
SBUX,STARBUCKS CORP,BBG000CTQBF3,BBG000CTQBF3
STT,STATE STREET CORP,BBG000BKFBD7,BBG000BKFBD7
STLD,STEEL DYNAMICS INC,BBG000HGYNZ9,BBG000HGYNZ9
STE,STERIS PLC,BBG00MRHG523,BBG00MRHG523
SYK,STRYKER CORP,BBG000DN7P92,BBG000DN7P92
SMCI,SUPER MICRO COMPUTER INC,BBG000MYZDJ3,BBG000MYZDJ3
SYF,SYNCHRONY FINANCIAL,BBG00658F3P3,BBG00658F3P3
SNPS,SYNOPSYS INC,BBG000BSFRF3,BBG000BSFRF3
SYY,SYSCO CORP,BBG000BTVJ25,BBG000BTVJ25
TMUS,T-MOBILE US INC,BBG000NDV1D4,BBG000NDV1D4
TROW,T ROWE PRICE GROUP INC,BBG000BVMPN3,BBG000BVMPN3
TTWO,TAKE-TWO INTERACTIVE SOFTWRE,BBG000BS1YV5,BBG000BS1YV5
TPR,TAPESTRY INC,BBG000BY29C7,BBG000BY29C7
TRGP,TARGA RESOURCES CORP,BBG0015XMW40,BBG0015XMW40
TGT,TARGET CORP,BBG000H8TVT2,BBG000H8TVT2
TEL,TE CONNECTIVITY PLC,BBG01Q08MMR1,BBG01Q08MMR1
TDY,TELEDYNE TECHNOLOGIES INC,BBG000BMT9T6,BBG000BMT9T6
TER,TERADYNE INC,BBG000BV4DR6,BBG000BV4DR6
TSLA,TESLA INC,BBG000N9MNX3,BBG000N9MNX3
TXN,TEXAS INSTRUMENTS INC,BBG000BVV7G1,BBG000BVV7G1
TPL,TEXAS PACIFIC LAND CORP,BBG00YRJXKB1,BBG00YRJXKB1
TXT,TEXTRON INC,BBG000BVVQQ8,BBG000BVVQQ8
TMO,THERMO FISHER SCIENTIFIC INC,BBG000BVDLH9,BBG000BVDLH9
TJX,TJX COMPANIES INC,BBG000BV8DN6,BBG000BV8DN6
TKO,TKO GROUP HOLDINGS INC,BBG01G9JKWV5,BBG01G9JKWV5
TTD,TRADE DESK INC/THE -CLASS A,BBG00629NGT2,BBG00629NGT2
TSCO,TRACTOR SUPPLY COMPANY,BBG000BLXZN1,BBG000BLXZN1
TT,TRANE TECHNOLOGIES PLC,BBG000BM6788,BBG000BM6788
TDG,TRANSDIGM GROUP INC,BBG000L8CBX4,BBG000L8CBX4
TRV,TRAVELERS COS INC/THE,BBG000BJ81C1,BBG000BJ81C1
TRMB,TRIMBLE INC,BBG000BNPS52,BBG000BNPS52
TFC,TRUIST FINANCIAL CORP,BBG000BYYLS8,BBG000BYYLS8
TYL,TYLER TECHNOLOGIES INC,BBG000BVWZF9,BBG000BVWZF9
TSN,TYSON FOODS INC-CL A,BBG000DKCC19,BBG000DKCC19
USB,US BANCORP,BBG000FFDM15,BBG000FFDM15
UBER,UBER TECHNOLOGIES INC,BBG002B04MT8,BBG002B04MT8
UDR,UDR INC,BBG000C41023,BBG000C41023
ULTA,ULTA BEAUTY INC,BBG00FWQ4VD6,BBG00FWQ4VD6
UNP,UNION PACIFIC CORP,BBG000BW3299,BBG000BW3299
UAL,UNITED AIRLINES HOLDINGS INC,BBG000M65M61,BBG000M65M61
UPS,UNITED PARCEL SERVICE-CL B,BBG000L9CV04,BBG000L9CV04
URI,UNITED RENTALS INC,BBG000BXMFC3,BBG000BXMFC3
UNH,UNITEDHEALTH GROUP INC,BBG000CH5208,BBG000CH5208
UHS,UNIVERSAL HEALTH SERVICES-B,BBG000CB8Q50,BBG000CB8Q50
VLO,VALERO ENERGY CORP,BBG000BBGGQ1,BBG000BBGGQ1
VEEV,VEEVA SYSTEMS INC-CLASS A,BBG001CGB489,BBG001CGB489
VTR,VENTAS INC,BBG000FRVHB9,BBG000FRVHB9
VLTO,VERALTO CORP,BBG019Q32XJ9,BBG019Q32XJ9
VRSN,VERISIGN INC,BBG000BGKHZ3,BBG000BGKHZ3
VRSK,VERISK ANALYTICS INC,BBG000BCZL41,BBG000BCZL41
VZ,VERIZON COMMUNICATIONS INC,BBG000HS77T5,BBG000HS77T5
VRTX,VERTEX PHARMACEUTICALS INC,BBG000C1S2X2,BBG000C1S2X2
VRT,VERTIV HOLDINGS CO-A,BBG00L2B8KW8,BBG00L2B8KW8
VTRS,VIATRIS INC,BBG00Y4RQNH4,BBG00Y4RQNH4
VICI,VICI PROPERTIES INC,BBG00HVVB499,BBG00HVVB499
V,VISA INC-CLASS A SHARES,BBG000PSKYX7,BBG000PSKYX7
VST,VISTRA CORP,BBG00DXDL6Q1,BBG00DXDL6Q1
VMC,VULCAN MATERIALS CO,BBG000BWGYF8,BBG000BWGYF8
WRB,WR BERKLEY CORP,BBG000BD1HP2,BBG000BD1HP2
GWW,WW GRAINGER INC,BBG000BKR1D6,BBG000BKR1D6
WAB,WABTEC CORP,BBG000BDD940,BBG000BDD940
WMT,WALMART INC,BBG000BWXBC2,BBG000BWXBC2
DIS,WALT DISNEY CO/THE,BBG000BH4R78,BBG000BH4R78
WBD,WARNER BROS DISCOVERY INC,BBG011386VF4,BBG011386VF4
WM,WASTE MANAGEMENT INC,BBG000BWVSR1,BBG000BWVSR1
WAT,WATERS CORP,BBG000FQRVM3,BBG000FQRVM3
WEC,WEC ENERGY GROUP INC,BBG000BWP7D9,BBG000BWP7D9
WFC,WELLS FARGO & CO,BBG000BWQFY7,BBG000BWQFY7
WELL,WELLTOWER INC,BBG000BKY1G5,BBG000BKY1G5
WST,WEST PHARMACEUTICAL SERVICES,BBG000BX24N8,BBG000BX24N8
WDC,WESTERN DIGITAL CORP,BBG000BWNFZ9,BBG000BWNFZ9
WY,WEYERHAEUSER CO,BBG000BX3BL3,BBG000BX3BL3
WSM,WILLIAMS-SONOMA INC,BBG000FSMWC3,BBG000FSMWC3
WMB,WILLIAMS COS INC,BBG000BWVCP8,BBG000BWVCP8
WTW,WILLIS TOWERS WATSON PLC,BBG000DB3KT1,BBG000DB3KT1
WDAY,WORKDAY INC-CLASS A,BBG000VC0T95,BBG000VC0T95
WYNN,WYNN RESORTS LTD,BBG000LD9JQ8,BBG000LD9JQ8
XEL,XCEL ENERGY INC,BBG000BCTQ65,BBG000BCTQ65
XYL,XYLEM INC,BBG001D8R5D0,BBG001D8R5D0
YUM,YUM! BRANDS INC,BBG000BH3GZ2,BBG000BH3GZ2
ZBRA,ZEBRA TECHNOLOGIES CORP-CL A,BBG000CC7LQ7,BBG000CC7LQ7
ZBH,ZIMMER BIOMET HOLDINGS INC,BBG000BKPL53,BBG000BKPL53
ZTS,ZOETIS INC,BBG0039320N9,BBG0039320N9
